,mean_fit_time,std_fit_time,mean_score_time,std_score_time,param_max_depth,param_min_samples_leaf,param_min_samples_split,param_n_estimators,params,split0_test_score,split1_test_score,split2_test_score,split3_test_score,split4_test_score,mean_test_score,std_test_score,rank_test_score
0,0.32216382026672363,0.13871541747614785,0.026899385452270507,0.00910873009922008,5,1,2,50,"{'max_depth': 5, 'min_samples_leaf': 1, 'min_samples_split': 2, 'n_estimators': 50}",0.5346534653465347,0.5478547854785478,0.5695364238410596,0.5629139072847682,0.5629139072847682,0.5555744978471358,0.012648737480010875,1
1,0.7109274387359619,0.260938100862649,0.037248086929321286,0.009051286846832906,5,1,2,200,"{'max_depth': 5, 'min_samples_leaf': 1, 'min_samples_split': 2, 'n_estimators': 200}",0.5313531353135313,0.570957095709571,0.5463576158940397,0.5463576158940397,0.5364238410596026,0.5462898607741569,0.013630302809296111,33
2,1.6430136203765868,0.2520007684043352,0.09533648490905762,0.032822833961972206,5,1,2,350,"{'max_depth': 5, 'min_samples_leaf': 1, 'min_samples_split': 2, 'n_estimators': 350}",0.5478547854785478,0.5511551155115512,0.5529801324503312,0.5496688741721855,0.5496688741721855,0.5502655563569603,0.001713716099222628,13
3,1.8525505542755127,0.28494236914454263,0.1177250862121582,0.03786929848972445,5,1,2,500,"{'max_depth': 5, 'min_samples_leaf': 1, 'min_samples_split': 2, 'n_estimators': 500}",0.5379537953795379,0.5610561056105611,0.5529801324503312,0.5463576158940397,0.5529801324503312,0.5502655563569603,0.007720430777549888,13
4,0.17688584327697754,0.035814058076832446,0.014662456512451173,0.0036306094063769776,5,1,6,50,"{'max_depth': 5, 'min_samples_leaf': 1, 'min_samples_split': 6, 'n_estimators': 50}",0.528052805280528,0.5478547854785478,0.5562913907284768,0.5695364238410596,0.5397350993377483,0.5482941009332721,0.014130481114738696,23
5,0.5420915603637695,0.05857860644997702,0.03755621910095215,0.013466937741476157,5,1,6,200,"{'max_depth': 5, 'min_samples_leaf': 1, 'min_samples_split': 6, 'n_estimators': 200}",0.5412541254125413,0.5610561056105611,0.5496688741721855,0.5463576158940397,0.5662251655629139,0.5529123773304483,0.009305382193441132,6
6,1.0094084739685059,0.2015454499149703,0.05176711082458496,0.01415258637965864,5,1,6,350,"{'max_depth': 5, 'min_samples_leaf': 1, 'min_samples_split': 6, 'n_estimators': 350}",0.5379537953795379,0.5610561056105611,0.5463576158940397,0.5629139072847682,0.5662251655629139,0.5549013179463642,0.01086762062138786,3
7,1.1553051948547364,0.08270865974156417,0.056644439697265625,0.012739793687008755,5,1,6,500,"{'max_depth': 5, 'min_samples_leaf': 1, 'min_samples_split': 6, 'n_estimators': 500}",0.5412541254125413,0.5643564356435643,0.5596026490066225,0.5629139072847682,0.5496688741721855,0.5555591983039363,0.008799586937950438,2
8,0.12512688636779784,0.02370311539990132,0.009401702880859375,0.0076765556018343365,5,1,10,50,"{'max_depth': 5, 'min_samples_leaf': 1, 'min_samples_split': 10, 'n_estimators': 50}",0.5379537953795379,0.5610561056105611,0.5463576158940397,0.543046357615894,0.5695364238410596,0.5515900596682185,0.011815236173402176,8
9,0.659006929397583,0.21566406583176262,0.030400657653808595,0.01407839811220982,5,1,10,200,"{'max_depth': 5, 'min_samples_leaf': 1, 'min_samples_split': 10, 'n_estimators': 200}",0.5445544554455446,0.5445544554455446,0.5529801324503312,0.5629139072847682,0.5529801324503312,0.551596616615304,0.006798431703127092,7
10,1.021308708190918,0.1902955240189767,0.0657546043395996,0.018732100994253768,5,1,10,350,"{'max_depth': 5, 'min_samples_leaf': 1, 'min_samples_split': 10, 'n_estimators': 350}",0.5412541254125413,0.5544554455445545,0.5529801324503312,0.543046357615894,0.5463576158940397,0.547618735383472,0.005262898540411226,26
11,1.3067406177520753,0.25180401658501556,0.08548135757446289,0.029796312794126912,5,1,10,500,"{'max_depth': 5, 'min_samples_leaf': 1, 'min_samples_split': 10, 'n_estimators': 500}",0.5445544554455446,0.5544554455445545,0.5463576158940397,0.543046357615894,0.5562913907284768,0.548941053045702,0.005387017893319345,18
12,0.103289794921875,0.007769943554788775,0.012505578994750976,0.006252793703501409,5,5,2,50,"{'max_depth': 5, 'min_samples_leaf': 5, 'min_samples_split': 2, 'n_estimators': 50}",0.5412541254125413,0.5478547854785478,0.543046357615894,0.5264900662251656,0.5562913907284768,0.5429873450921251,0.009755586595990979,46
13,0.42752866744995116,0.006877812391226653,0.024141836166381835,0.00884836218215338,5,5,2,200,"{'max_depth': 5, 'min_samples_leaf': 5, 'min_samples_split': 2, 'n_estimators': 200}",0.5379537953795379,0.5610561056105611,0.5496688741721855,0.543046357615894,0.5529801324503312,0.548941053045702,0.007988562447790391,18
14,0.7552458763122558,0.011081293106568104,0.0445399284362793,0.003467787776693904,5,5,2,350,"{'max_depth': 5, 'min_samples_leaf': 5, 'min_samples_split': 2, 'n_estimators': 350}",0.5379537953795379,0.5544554455445545,0.5496688741721855,0.5364238410596026,0.5562913907284768,0.5469586693768715,0.008279093116395981,30
15,1.3020411491394044,0.28200947585606434,0.07481684684753417,0.01633577093132376,5,5,2,500,"{'max_depth': 5, 'min_samples_leaf': 5, 'min_samples_split': 2, 'n_estimators': 500}",0.5412541254125413,0.5412541254125413,0.5496688741721855,0.5463576158940397,0.5662251655629139,0.5489519812908443,0.00921001120909825,16
16,0.11258158683776856,0.006236007287590524,0.009386920928955078,0.007664406608555077,5,5,6,50,"{'max_depth': 5, 'min_samples_leaf': 5, 'min_samples_split': 6, 'n_estimators': 50}",0.5445544554455446,0.5544554455445545,0.5463576158940397,0.543046357615894,0.5562913907284768,0.548941053045702,0.005387017893319345,18
17,0.425139331817627,0.01063067917373212,0.02669186592102051,0.009559700635307304,5,5,6,200,"{'max_depth': 5, 'min_samples_leaf': 5, 'min_samples_split': 6, 'n_estimators': 200}",0.5511551155115512,0.5412541254125413,0.5529801324503312,0.5463576158940397,0.5596026490066225,0.5502699276550171,0.006193857098628028,12
18,0.7357779502868652,0.010057539461328212,0.044994163513183597,0.005932200342382195,5,5,6,350,"{'max_depth': 5, 'min_samples_leaf': 5, 'min_samples_split': 6, 'n_estimators': 350}",0.5478547854785478,0.5511551155115512,0.5562913907284768,0.5529801324503312,0.5596026490066225,0.5535768146351059,0.00406551047674964,4
19,1.1604695320129395,0.16994090544525062,0.05951447486877441,0.01812694817010072,5,5,6,500,"{'max_depth': 5, 'min_samples_leaf': 5, 'min_samples_split': 6, 'n_estimators': 500}",0.5412541254125413,0.5544554455445545,0.5496688741721855,0.5397350993377483,0.5529801324503312,0.547618735383472,0.006039010362164766,26
20,0.1129227638244629,0.0060760935500283565,0.003125619888305664,0.006251239776611328,5,5,10,50,"{'max_depth': 5, 'min_samples_leaf': 5, 'min_samples_split': 10, 'n_estimators': 50}",0.5478547854785478,0.5511551155115512,0.5496688741721855,0.543046357615894,0.5397350993377483,0.5462920464231853,0.0042666757757014685,31
21,0.42613868713378905,0.006038493884002462,0.02751584053039551,0.006062954565057738,5,5,10,200,"{'max_depth': 5, 'min_samples_leaf': 5, 'min_samples_split': 10, 'n_estimators': 200}",0.5478547854785478,0.5610561056105611,0.5463576158940397,0.5496688741721855,0.5629139072847682,0.5535702576880205,0.006974974185893023,5
22,0.7353796005249024,0.013358570585652485,0.04375967979431152,0.006259456266387084,5,5,10,350,"{'max_depth': 5, 'min_samples_leaf': 5, 'min_samples_split': 10, 'n_estimators': 350}",0.5445544554455446,0.5544554455445545,0.5496688741721855,0.5397350993377483,0.5562913907284768,0.548941053045702,0.006147479718601242,18
23,1.062593126296997,0.01286457950770927,0.05623493194580078,0.007650211350778246,5,5,10,500,"{'max_depth': 5, 'min_samples_leaf': 5, 'min_samples_split': 10, 'n_estimators': 500}",0.5445544554455446,0.5577557755775577,0.5529801324503312,0.5496688741721855,0.5496688741721855,0.5509256223635608,0.004350232282386501,9
24,0.11027688980102539,0.007330328982621207,0.007278871536254883,0.007052001312558177,5,10,2,50,"{'max_depth': 5, 'min_samples_leaf': 10, 'min_samples_split': 2, 'n_estimators': 50}",0.5445544554455446,0.5115511551155115,0.5529801324503312,0.5562913907284768,0.5496688741721855,0.5430092015824098,0.016199899671929082,42
25,0.4192979335784912,0.009709077766773749,0.01877140998840332,0.006234102509931609,5,10,2,200,"{'max_depth': 5, 'min_samples_leaf': 10, 'min_samples_split': 2, 'n_estimators': 200}",0.5412541254125413,0.5412541254125413,0.5496688741721855,0.5331125827814569,0.5298013245033113,0.5390182064564073,0.006975137186839538,60
26,0.7310905456542969,0.010142408522186525,0.03998851776123047,0.007233771491988238,5,10,2,350,"{'max_depth': 5, 'min_samples_leaf': 10, 'min_samples_split': 2, 'n_estimators': 350}",0.5412541254125413,0.5445544554455446,0.5364238410596026,0.543046357615894,0.5331125827814569,0.5396782724630078,0.004273267493352627,57
27,1.0544561386108398,0.03452837430085599,0.05964226722717285,0.011417435524641749,5,10,2,500,"{'max_depth': 5, 'min_samples_leaf': 10, 'min_samples_split': 2, 'n_estimators': 500}",0.5478547854785478,0.5511551155115512,0.5463576158940397,0.5496688741721855,0.5364238410596026,0.5462920464231853,0.005193848985350704,31
28,0.10593366622924805,0.006253323460657299,0.006383037567138672,0.007551923318410291,5,10,6,50,"{'max_depth': 5, 'min_samples_leaf': 10, 'min_samples_split': 6, 'n_estimators': 50}",0.5511551155115512,0.5610561056105611,0.5529801324503312,0.543046357615894,0.543046357615894,0.5502568137608463,0.006765049457493902,15
29,0.4264434814453125,0.0226272155020816,0.024997806549072264,0.007650724067875064,5,10,6,200,"{'max_depth': 5, 'min_samples_leaf': 10, 'min_samples_split': 6, 'n_estimators': 200}",0.5511551155115512,0.5445544554455446,0.5496688741721855,0.543046357615894,0.5562913907284768,0.5489432386947304,0.004763379243273703,17
30,0.7464794158935547,0.008850565637452843,0.03750004768371582,0.007649574043148807,5,10,6,350,"{'max_depth': 5, 'min_samples_leaf': 10, 'min_samples_split': 6, 'n_estimators': 350}",0.5478547854785478,0.5445544554455446,0.5562913907284768,0.5397350993377483,0.5529801324503312,0.5482831726881298,0.0058881133322901515,24
31,1.0396997928619385,0.01121387798462958,0.06132936477661133,0.007140595254476773,5,10,6,500,"{'max_depth': 5, 'min_samples_leaf': 10, 'min_samples_split': 6, 'n_estimators': 500}",0.5412541254125413,0.5412541254125413,0.5496688741721855,0.5364238410596026,0.5463576158940397,0.5429917163901821,0.004584520622377646,45
32,0.10759062767028808,0.007371246948127208,0.008041000366210938,0.0069942915256167556,5,10,10,50,"{'max_depth': 5, 'min_samples_leaf': 10, 'min_samples_split': 10, 'n_estimators': 50}",0.5511551155115512,0.5511551155115512,0.5364238410596026,0.5264900662251656,0.5562913907284768,0.5443031058072695,0.011108611447382725,37
33,0.4273210525512695,0.006850754094615411,0.02486100196838379,0.007822756960558206,5,10,10,200,"{'max_depth': 5, 'min_samples_leaf': 10, 'min_samples_split': 10, 'n_estimators': 200}",0.5445544554455446,0.5544554455445545,0.5496688741721855,0.5496688741721855,0.5397350993377483,0.5476165497344436,0.005033651733815787,28
34,0.7514269828796387,0.03510170822299331,0.040603017807006835,0.007668395402022256,5,10,10,350,"{'max_depth': 5, 'min_samples_leaf': 10, 'min_samples_split': 10, 'n_estimators': 350}",0.5478547854785478,0.5544554455445545,0.5463576158940397,0.5397350993377483,0.5562913907284768,0.5489388673966735,0.005950456675145817,22
35,1.0373775959014893,0.012802664930378032,0.06422204971313476,0.0034655638922519226,5,10,10,500,"{'max_depth': 5, 'min_samples_leaf': 10, 'min_samples_split': 10, 'n_estimators': 500}",0.5478547854785478,0.5478547854785478,0.5331125827814569,0.5397350993377483,0.5463576158940397,0.5429829737940681,0.005776341657257087,48
36,0.11853680610656739,0.007660600251786814,0.012532711029052734,0.006266450190923805,7,1,2,50,"{'max_depth': 7, 'min_samples_leaf': 1, 'min_samples_split': 2, 'n_estimators': 50}",0.5214521452145214,0.5412541254125413,0.5397350993377483,0.5463576158940397,0.5662251655629139,0.5430048302843529,0.014343636104726118,43
37,0.4743541717529297,0.005577669607003561,0.02187314033508301,0.007648193240580966,7,1,2,200,"{'max_depth': 7, 'min_samples_leaf': 1, 'min_samples_split': 2, 'n_estimators': 200}",0.5313531353135313,0.5478547854785478,0.543046357615894,0.5629139072847682,0.5298013245033113,0.5429939020392106,0.012082955767392236,44
38,0.8372589588165283,0.008115960062579666,0.04376401901245117,0.006259065827688326,7,1,2,350,"{'max_depth': 7, 'min_samples_leaf': 1, 'min_samples_split': 2, 'n_estimators': 350}",0.5379537953795379,0.5577557755775577,0.5596026490066225,0.5397350993377483,0.543046357615894,0.5476187353834722,0.009196120819716994,25
39,1.2121816635131837,0.02047969597143389,0.06934032440185547,0.008454964055379908,7,1,2,500,"{'max_depth': 7, 'min_samples_leaf': 1, 'min_samples_split': 2, 'n_estimators': 500}",0.5313531353135313,0.5511551155115512,0.543046357615894,0.5529801324503312,0.5562913907284768,0.5469652263239568,0.008942108557632169,29
40,0.12478880882263184,0.0037203055758580844,0.003615283966064453,0.0072305679321289056,7,1,6,50,"{'max_depth': 7, 'min_samples_leaf': 1, 'min_samples_split': 6, 'n_estimators': 50}",0.5214521452145214,0.5478547854785478,0.543046357615894,0.543046357615894,0.5397350993377483,0.5390269490525211,0.00916097367242097,58
41,0.47454037666320803,0.005573487444114749,0.028121280670166015,0.006246472411498584,7,1,6,200,"{'max_depth': 7, 'min_samples_leaf': 1, 'min_samples_split': 6, 'n_estimators': 200}",0.5379537953795379,0.5544554455445545,0.5463576158940397,0.543046357615894,0.5463576158940397,0.5456341660656132,0.005376738368231325,34
42,0.8281291007995606,0.005738055746826114,0.04684600830078125,2.6246236483414962e-05,7,1,6,350,"{'max_depth': 7, 'min_samples_leaf': 1, 'min_samples_split': 6, 'n_estimators': 350}",0.5115511551155115,0.5676567656765676,0.5463576158940397,0.5529801324503312,0.5397350993377483,0.5436561536948397,0.01852765206060366,39
43,1.186819076538086,0.011434777624932498,0.0644406795501709,0.003302805602203234,7,1,6,500,"{'max_depth': 7, 'min_samples_leaf': 1, 'min_samples_split': 6, 'n_estimators': 500}",0.5313531353135313,0.5544554455445545,0.5364238410596026,0.5596026490066225,0.5397350993377483,0.5443140340524119,0.010842478120572964,36
44,0.11917123794555665,0.008050573838563554,0.009372615814208984,0.007652713093143306,7,1,10,50,"{'max_depth': 7, 'min_samples_leaf': 1, 'min_samples_split': 10, 'n_estimators': 50}",0.5346534653465347,0.5445544554455446,0.5364238410596026,0.5529801324503312,0.543046357615894,0.5423316503835814,0.006522247704111206,49
45,0.486253023147583,0.008328651632472983,0.018748903274536134,0.006248167167100218,7,1,10,200,"{'max_depth': 7, 'min_samples_leaf': 1, 'min_samples_split': 10, 'n_estimators': 200}",0.5412541254125413,0.5478547854785478,0.5463576158940397,0.543046357615894,0.5463576158940397,0.5449741000590126,0.0024364311160077934,35
46,0.827677583694458,0.01086746990934835,0.05511775016784668,0.012156108800356483,7,1,10,350,"{'max_depth': 7, 'min_samples_leaf': 1, 'min_samples_split': 10, 'n_estimators': 350}",0.5313531353135313,0.5577557755775577,0.5397350993377483,0.5397350993377483,0.5463576158940397,0.5429873450921251,0.008786060622911094,46
47,1.1966734886169434,0.01447446170140361,0.062171411514282224,0.008700198548719586,7,1,10,500,"{'max_depth': 7, 'min_samples_leaf': 1, 'min_samples_split': 10, 'n_estimators': 500}",0.5313531353135313,0.5511551155115512,0.5397350993377483,0.543046357615894,0.5397350993377483,0.5410049614232946,0.006380842783147607,52
48,0.11936402320861816,0.0073571852215062366,0.006250905990600586,0.007655765187558776,7,5,2,50,"{'max_depth': 7, 'min_samples_leaf': 5, 'min_samples_split': 2, 'n_estimators': 50}",0.504950495049505,0.5643564356435643,0.5165562913907285,0.5264900662251656,0.543046357615894,0.5310799291849715,0.020809956830752954,71
49,0.4738306999206543,0.00479821181785816,0.021433305740356446,0.008378222923278585,7,5,2,200,"{'max_depth': 7, 'min_samples_leaf': 5, 'min_samples_split': 2, 'n_estimators': 200}",0.5214521452145214,0.5511551155115512,0.5496688741721855,0.5463576158940397,0.5364238410596026,0.5410115183703801,0.011045714033342107,51
50,0.8167163848876953,0.010512255141782752,0.04513740539550781,0.0034213616569423754,7,5,2,350,"{'max_depth': 7, 'min_samples_leaf': 5, 'min_samples_split': 2, 'n_estimators': 350}",0.528052805280528,0.5544554455445545,0.5529801324503312,0.5364238410596026,0.5397350993377483,0.5423294647345529,0.010058889216657249,50
51,1.1828866481781006,0.016641609406674543,0.05935754776000977,0.0062677385545046056,7,5,2,500,"{'max_depth': 7, 'min_samples_leaf': 5, 'min_samples_split': 2, 'n_estimators': 500}",0.528052805280528,0.5412541254125413,0.5397350993377483,0.5397350993377483,0.543046357615894,0.5383646973968921,0.005298261198588466,61
52,0.11636147499084473,0.007420026681518224,0.012505292892456055,0.0062526489305972195,7,5,6,50,"{'max_depth': 7, 'min_samples_leaf': 5, 'min_samples_split': 6, 'n_estimators': 50}",0.5082508250825083,0.5445544554455446,0.5198675496688742,0.5132450331125827,0.5463576158940397,0.5264550958407099,0.015956153159601815,84
53,0.47707395553588866,0.009076705369565096,0.02076854705810547,0.006535128455232113,7,5,6,200,"{'max_depth': 7, 'min_samples_leaf': 5, 'min_samples_split': 6, 'n_estimators': 200}",0.5313531353135313,0.5577557755775577,0.5298013245033113,0.5397350993377483,0.5463576158940397,0.5410005901252377,0.010291087079379372,53
54,0.8310377120971679,0.016282754265095328,0.04374241828918457,0.0062544363460131855,7,5,6,350,"{'max_depth': 7, 'min_samples_leaf': 5, 'min_samples_split': 6, 'n_estimators': 350}",0.5313531353135313,0.5379537953795379,0.543046357615894,0.543046357615894,0.543046357615894,0.5396892007081504,0.004611141408102216,56
55,1.1744576930999755,0.008431795940072614,0.07024011611938477,0.012093173025409548,7,5,6,500,"{'max_depth': 7, 'min_samples_leaf': 5, 'min_samples_split': 6, 'n_estimators': 500}",0.5214521452145214,0.5577557755775577,0.5596026490066225,0.5364238410596026,0.543046357615894,0.5436561536948397,0.014133550437664871,39
56,0.12002167701721192,0.006418638082721946,0.006260538101196289,0.007667576610665113,7,5,10,50,"{'max_depth': 7, 'min_samples_leaf': 5, 'min_samples_split': 10, 'n_estimators': 50}",0.5412541254125413,0.5511551155115512,0.5496688741721855,0.5562913907284768,0.5529801324503312,0.5502699276550173,0.005020612322886398,11
57,0.46772284507751466,0.005225740541828697,0.021877336502075195,0.007623834955711774,7,5,10,200,"{'max_depth': 7, 'min_samples_leaf': 5, 'min_samples_split': 10, 'n_estimators': 200}",0.5313531353135313,0.5379537953795379,0.5596026490066225,0.543046357615894,0.5463576158940397,0.5436627106419252,0.009442895728318109,38
58,0.8284549713134766,0.009486491889887864,0.0461174488067627,0.0010537488259316464,7,5,10,350,"{'max_depth': 7, 'min_samples_leaf': 5, 'min_samples_split': 10, 'n_estimators': 350}",0.5445544554455446,0.5643564356435643,0.5529801324503312,0.5562913907284768,0.5364238410596026,0.5509212510655039,0.009636312163361194,10
59,1.1760278224945069,0.010452066716022564,0.0649878978729248,0.004473624699644721,7,5,10,500,"{'max_depth': 7, 'min_samples_leaf': 5, 'min_samples_split': 10, 'n_estimators': 500}",0.5379537953795379,0.5445544554455446,0.543046357615894,0.543046357615894,0.5496688741721855,0.5436539680458112,0.0037475411288094116,41
60,0.11383914947509766,0.00613843293710644,0.015616130828857423,1.2086105412900799e-05,7,10,2,50,"{'max_depth': 7, 'min_samples_leaf': 10, 'min_samples_split': 2, 'n_estimators': 50}",0.5082508250825083,0.5214521452145214,0.5364238410596026,0.543046357615894,0.5496688741721855,0.5317684086289424,0.01502527123104796,68
61,0.4580503463745117,0.01877759471818381,0.02501811981201172,0.0076222469534453505,7,10,2,200,"{'max_depth': 7, 'min_samples_leaf': 10, 'min_samples_split': 2, 'n_estimators': 200}",0.5313531353135313,0.5313531353135313,0.5298013245033113,0.5165562913907285,0.5397350993377483,0.5297597971717701,0.007468847241707617,74
62,0.8149125099182128,0.009285338043657134,0.037793540954589845,0.008061618635513036,7,10,2,350,"{'max_depth': 7, 'min_samples_leaf': 10, 'min_samples_split': 2, 'n_estimators': 350}",0.5379537953795379,0.5313531353135313,0.5165562913907285,0.5529801324503312,0.5562913907284768,0.5390269490525211,0.014544564656086643,58
63,1.1577587604522706,0.019698322047849135,0.06200375556945801,0.0010055996501249704,7,10,2,500,"{'max_depth': 7, 'min_samples_leaf': 10, 'min_samples_split': 2, 'n_estimators': 500}",0.528052805280528,0.5313531353135313,0.5165562913907285,0.5331125827814569,0.5496688741721855,0.531748737787686,0.010654747365804112,69
64,0.12049074172973633,0.012894819069376852,0.011174869537353516,0.006148542361514864,7,10,6,50,"{'max_depth': 7, 'min_samples_leaf': 10, 'min_samples_split': 6, 'n_estimators': 50}",0.5247524752475248,0.528052805280528,0.5397350993377483,0.5397350993377483,0.5662251655629139,0.5397001289532927,0.014578563118792099,55
65,0.555253553390503,0.07672161291685864,0.025003910064697266,0.007648991448846867,7,10,6,200,"{'max_depth': 7, 'min_samples_leaf': 10, 'min_samples_split': 6, 'n_estimators': 200}",0.5115511551155115,0.528052805280528,0.5364238410596026,0.5364238410596026,0.5397350993377483,0.5304373483705985,0.010202928049290858,73
66,0.8111467361450195,0.015565969460636516,0.040629339218139646,0.0076467289597448645,7,10,6,350,"{'max_depth': 7, 'min_samples_leaf': 10, 'min_samples_split': 6, 'n_estimators': 350}",0.5016501650165016,0.5544554455445545,0.5165562913907285,0.5264900662251656,0.5364238410596026,0.5271151618473106,0.017857710798262795,81
67,1.1538824558258056,0.01733262268554282,0.05830793380737305,0.006473347435344133,7,10,6,500,"{'max_depth': 7, 'min_samples_leaf': 10, 'min_samples_split': 6, 'n_estimators': 500}",0.528052805280528,0.528052805280528,0.5298013245033113,0.5364238410596026,0.543046357615894,0.5330754267479728,0.005861817791336814,67
68,0.11223478317260742,0.006624856229439973,0.012497282028198243,0.006248674731533363,7,10,10,50,"{'max_depth': 7, 'min_samples_leaf': 10, 'min_samples_split': 10, 'n_estimators': 50}",0.5379537953795379,0.5346534653465347,0.5066225165562914,0.5496688741721855,0.5728476821192053,0.5403492667147509,0.021534512761408366,54
69,0.4747780323028564,0.01842178342937865,0.025836658477783204,0.007724654730299779,7,10,10,200,"{'max_depth': 7, 'min_samples_leaf': 10, 'min_samples_split': 10, 'n_estimators': 200}",0.5181518151815182,0.5313531353135313,0.5331125827814569,0.5463576158940397,0.543046357615894,0.5344043013572881,0.00992661395230762,64
70,0.8097972393035888,0.014089842957007853,0.04709692001342773,0.00045138832962734636,7,10,10,350,"{'max_depth': 7, 'min_samples_leaf': 10, 'min_samples_split': 10, 'n_estimators': 350}",0.5181518151815182,0.5412541254125413,0.5165562913907285,0.5496688741721855,0.5463576158940397,0.5343977444102026,0.014180998222381775,65
71,1.1403244495391847,0.012303683535068463,0.0597869873046875,0.00650837115621871,7,10,10,500,"{'max_depth': 7, 'min_samples_leaf': 10, 'min_samples_split': 10, 'n_estimators': 500}",0.5247524752475248,0.5346534653465347,0.5331125827814569,0.5364238410596026,0.5529801324503312,0.5363844993770901,0.009213278322553236,63
72,0.13617053031921386,0.004543444906464828,0.012513208389282226,0.006256721593255286,10,1,2,50,"{'max_depth': 10, 'min_samples_leaf': 1, 'min_samples_split': 2, 'n_estimators': 50}",0.5115511551155115,0.5313531353135313,0.5231788079470199,0.5794701986754967,0.5231788079470199,0.5337464209997158,0.023716535920127423,66
73,0.5476799011230469,0.013500493753549841,0.03225107192993164,0.0020053706139938694,10,1,2,200,"{'max_depth': 10, 'min_samples_leaf': 1, 'min_samples_split': 2, 'n_estimators': 200}",0.5082508250825083,0.5148514851485149,0.5264900662251656,0.543046357615894,0.5264900662251656,0.5238257600594498,0.011889025484278556,94
74,0.9657368659973145,0.015896231129434262,0.046756935119628903,0.009208306508820803,10,1,2,350,"{'max_depth': 10, 'min_samples_leaf': 1, 'min_samples_split': 2, 'n_estimators': 350}",0.4884488448844885,0.5313531353135313,0.5364238410596026,0.543046357615894,0.5298013245033113,0.5258147006753655,0.019247121693281386,86
75,1.3871460437774659,0.03451187261618184,0.06492071151733399,0.003972460230788722,10,1,2,500,"{'max_depth': 10, 'min_samples_leaf': 1, 'min_samples_split': 2, 'n_estimators': 500}",0.49504950495049505,0.49834983498349833,0.5198675496688742,0.5629139072847682,0.5562913907284768,0.5264944375232226,0.028422013571472334,82
76,0.14156699180603027,0.009754602348460118,0.0031253337860107423,0.0062506675720214845,10,1,6,50,"{'max_depth': 10, 'min_samples_leaf': 1, 'min_samples_split': 6, 'n_estimators': 50}",0.5016501650165016,0.5379537953795379,0.5264900662251656,0.5165562913907285,0.5397350993377483,0.5244770834699365,0.014158305441905474,93
77,0.5464147090911865,0.00758114305595611,0.033612966537475586,0.004764491774955576,10,1,6,200,"{'max_depth': 10, 'min_samples_leaf': 1, 'min_samples_split': 6, 'n_estimators': 200}",0.4884488448844885,0.5346534653465347,0.5099337748344371,0.5331125827814569,0.5364238410596026,0.520514501781304,0.018718371439875838,116
78,0.9460168361663819,0.01141599634311695,0.044599485397338864,0.00418476407031704,10,1,6,350,"{'max_depth': 10, 'min_samples_leaf': 1, 'min_samples_split': 6, 'n_estimators': 350}",0.49834983498349833,0.5379537953795379,0.5066225165562914,0.5496688741721855,0.5364238410596026,0.5258037724302231,0.019756473646608784,88
79,1.3814537048339843,0.023932485190141378,0.07420449256896973,0.006060802380563418,10,1,6,500,"{'max_depth': 10, 'min_samples_leaf': 1, 'min_samples_split': 6, 'n_estimators': 500}",0.47194719471947194,0.5346534653465347,0.5298013245033113,0.5562913907284768,0.5463576158940397,0.527810198238367,0.029416509235534422,77
80,0.14082703590393067,0.009885233796028691,0.0062526226043701175,0.007657867485635473,10,1,10,50,"{'max_depth': 10, 'min_samples_leaf': 1, 'min_samples_split': 10, 'n_estimators': 50}",0.504950495049505,0.5247524752475248,0.5165562913907285,0.5298013245033113,0.5397350993377483,0.5231591371057636,0.011803153145188159,99
81,0.8019204616546631,0.23548457262348324,0.0446688175201416,0.006823324461672793,10,1,10,200,"{'max_depth': 10, 'min_samples_leaf': 1, 'min_samples_split': 10, 'n_estimators': 200}",0.48184818481848185,0.5247524752475248,0.5033112582781457,0.543046357615894,0.5298013245033113,0.5165519200926716,0.021561147506680114,132
82,0.9535643100738526,0.0143882477753822,0.0499880313873291,0.006258501368916438,10,1,10,350,"{'max_depth': 10, 'min_samples_leaf': 1, 'min_samples_split': 10, 'n_estimators': 350}",0.49504950495049505,0.5148514851485149,0.5264900662251656,0.5496688741721855,0.5298013245033113,0.5231722509999345,0.017984146032712412,96
83,1.3550294876098632,0.02052795541079382,0.06245951652526856,0.001304279085599665,10,1,10,500,"{'max_depth': 10, 'min_samples_leaf': 1, 'min_samples_split': 10, 'n_estimators': 500}",0.504950495049505,0.5247524752475248,0.5264900662251656,0.5562913907284768,0.5397350993377483,0.5304439053176842,0.01704322724893593,72
84,0.13285694122314454,0.0060444721822878805,0.011297225952148438,0.006496014022802832,10,5,2,50,"{'max_depth': 10, 'min_samples_leaf': 5, 'min_samples_split': 2, 'n_estimators': 50}",0.5082508250825083,0.5379537953795379,0.5331125827814569,0.5596026490066225,0.5,0.5277839704500251,0.02143707319332613,79
85,0.5393675804138184,0.012890217517884845,0.02527933120727539,0.007896601511665921,10,5,2,200,"{'max_depth': 10, 'min_samples_leaf': 5, 'min_samples_split': 2, 'n_estimators': 200}",0.48184818481848185,0.5247524752475248,0.5165562913907285,0.5529801324503312,0.5331125827814569,0.5218499333377047,0.023377441470275647,107
86,0.9319989681243896,0.02216839405745172,0.043045663833618165,0.006061856638212333,10,5,2,350,"{'max_depth': 10, 'min_samples_leaf': 5, 'min_samples_split': 2, 'n_estimators': 350}",0.47854785478547857,0.5313531353135313,0.5231788079470199,0.5496688741721855,0.5298013245033113,0.5225099993443053,0.023673134213362118,102
87,1.3149044990539551,0.023190637854197976,0.07172222137451172,0.0076734633366985884,10,5,2,500,"{'max_depth': 10, 'min_samples_leaf': 5, 'min_samples_split': 2, 'n_estimators': 500}",0.49174917491749176,0.5214521452145214,0.5132450331125827,0.5231788079470199,0.543046357615894,0.5185343037615019,0.016591235717827744,124
88,0.1387256622314453,0.007206467509351195,0.007863712310791016,0.007004709976340768,10,5,6,50,"{'max_depth': 10, 'min_samples_leaf': 5, 'min_samples_split': 6, 'n_estimators': 50}",0.49504950495049505,0.5412541254125413,0.5364238410596026,0.5728476821192053,0.5364238410596026,0.5363997989202893,0.02474615381352235,62
89,0.5456287860870361,0.013887012702505684,0.02207808494567871,0.007494793751909809,10,5,6,200,"{'max_depth': 10, 'min_samples_leaf': 5, 'min_samples_split': 6, 'n_estimators': 200}",0.48514851485148514,0.5313531353135313,0.5298013245033113,0.5364238410596026,0.5298013245033113,0.5225056280462483,0.018836153100690613,103
90,0.928325080871582,0.012958815319184849,0.04677085876464844,0.00019147635810965434,10,5,6,350,"{'max_depth': 10, 'min_samples_leaf': 5, 'min_samples_split': 6, 'n_estimators': 350}",0.4752475247524752,0.5214521452145214,0.5331125827814569,0.5364238410596026,0.5397350993377483,0.5211942386291609,0.023786207201695345,110
91,1.3496758460998535,0.0703433010722101,0.06486682891845703,0.006710147052896101,10,5,6,500,"{'max_depth': 10, 'min_samples_leaf': 5, 'min_samples_split': 6, 'n_estimators': 500}",0.5016501650165016,0.5115511551155115,0.5264900662251656,0.543046357615894,0.5496688741721855,0.5264813236290516,0.01817448374778738,83
92,0.17596640586853027,0.025568699560869622,0.016129159927368165,0.0006145990850170373,10,5,10,50,"{'max_depth': 10, 'min_samples_leaf': 5, 'min_samples_split': 10, 'n_estimators': 50}",0.504950495049505,0.5412541254125413,0.5033112582781457,0.543046357615894,0.5331125827814569,0.5251349638275086,0.017481274012936792,91
93,0.6139805793762207,0.06099572331117144,0.028125286102294922,0.0062507407097110975,10,5,10,200,"{'max_depth': 10, 'min_samples_leaf': 5, 'min_samples_split': 10, 'n_estimators': 200}",0.4884488448844885,0.49504950495049505,0.5231788079470199,0.543046357615894,0.5331125827814569,0.5165672196358708,0.02131788889041765,129
94,1.0414564609527588,0.1680329665361586,0.05624070167541504,0.012503941047818138,10,5,10,350,"{'max_depth': 10, 'min_samples_leaf': 5, 'min_samples_split': 10, 'n_estimators': 350}",0.49174917491749176,0.5115511551155115,0.5165562913907285,0.5364238410596026,0.5496688741721855,0.521189867331104,0.02012091923932957,111
95,1.3263928413391113,0.029963355591769755,0.06275386810302734,0.0004713890065227827,10,5,10,500,"{'max_depth': 10, 'min_samples_leaf': 5, 'min_samples_split': 10, 'n_estimators': 500}",0.5016501650165016,0.5214521452145214,0.5264900662251656,0.5562913907284768,0.5397350993377483,0.5291237733044827,0.01828260987699797,75
96,0.1290757656097412,0.005870325793256463,0.006238269805908203,0.007640308629803166,10,10,2,50,"{'max_depth': 10, 'min_samples_leaf': 10, 'min_samples_split': 2, 'n_estimators': 50}",0.5082508250825083,0.5313531353135313,0.5231788079470199,0.5529801324503312,0.5397350993377483,0.5310996000262278,0.015087738672539406,70
97,0.4984724521636963,0.006136273852546051,0.021879911422729492,0.00767632987094666,10,10,2,200,"{'max_depth': 10, 'min_samples_leaf': 10, 'min_samples_split': 2, 'n_estimators': 200}",0.4884488448844885,0.5346534653465347,0.5066225165562914,0.5397350993377483,0.5529801324503312,0.5244880117150789,0.023518539646885463,92
98,0.8687004566192627,0.013821393647050451,0.046846961975097655,2.3289285257877974e-05,10,10,2,350,"{'max_depth': 10, 'min_samples_leaf': 10, 'min_samples_split': 2, 'n_estimators': 350}",0.5016501650165016,0.528052805280528,0.5066225165562914,0.5264900662251656,0.5529801324503312,0.5231591371057636,0.018223229899651597,99
99,1.2570034503936767,0.023348895112877188,0.06014008522033691,0.004728316663012634,10,10,2,500,"{'max_depth': 10, 'min_samples_leaf': 10, 'min_samples_split': 2, 'n_estimators': 500}",0.47854785478547857,0.5115511551155115,0.5165562913907285,0.5364238410596026,0.5562913907284768,0.5198741066159596,0.02603171451207478,119
100,0.13118295669555663,0.0070842410200627785,0.003650331497192383,0.006078555298939337,10,10,6,50,"{'max_depth': 10, 'min_samples_leaf': 10, 'min_samples_split': 6, 'n_estimators': 50}",0.45874587458745875,0.5577557755775577,0.5298013245033113,0.5033112582781457,0.5264900662251656,0.5152208598343277,0.03310609184965069,136
101,0.5063199520111084,0.006910280554387071,0.02690234184265137,0.007031468243003813,10,10,6,200,"{'max_depth': 10, 'min_samples_leaf': 10, 'min_samples_split': 6, 'n_estimators': 200}",0.49834983498349833,0.5247524752475248,0.5331125827814569,0.5264900662251656,0.5331125827814569,0.5231635084038204,0.012862949530516156,98
102,0.8709272861480712,0.014267202384633821,0.04731984138488769,0.0005955259033731345,10,10,6,350,"{'max_depth': 10, 'min_samples_leaf': 10, 'min_samples_split': 6, 'n_estimators': 350}",0.4884488448844885,0.5181518151815182,0.5132450331125827,0.5231788079470199,0.543046357615894,0.5172141717483008,0.017589519481670455,126
103,1.322361660003662,0.15574796370095118,0.0667191982269287,0.008201578062052638,10,10,6,500,"{'max_depth': 10, 'min_samples_leaf': 10, 'min_samples_split': 6, 'n_estimators': 500}",0.49834983498349833,0.5214521452145214,0.5099337748344371,0.5397350993377483,0.543046357615894,0.5225034423972199,0.017096431710149948,104
104,0.14017643928527831,0.00799640036438392,0.0062530517578125,0.007658393165933343,10,10,10,50,"{'max_depth': 10, 'min_samples_leaf': 10, 'min_samples_split': 10, 'n_estimators': 50}",0.5016501650165016,0.504950495049505,0.5231788079470199,0.5165562913907285,0.5529801324503312,0.5198631783708173,0.01829078198315496,120
105,0.5063291549682617,0.01296640823118375,0.031246423721313477,3.3276264805541807e-06,10,10,10,200,"{'max_depth': 10, 'min_samples_leaf': 10, 'min_samples_split': 10, 'n_estimators': 200}",0.47854785478547857,0.5148514851485149,0.49337748344370863,0.5397350993377483,0.543046357615894,0.5139116560662689,0.025253970071278744,139
106,0.8895898818969726,0.027313696425358608,0.044988250732421874,0.0037807073062843463,10,10,10,350,"{'max_depth': 10, 'min_samples_leaf': 10, 'min_samples_split': 10, 'n_estimators': 350}",0.49504950495049505,0.5214521452145214,0.5264900662251656,0.5397350993377483,0.5463576158940397,0.525816886324394,0.017786366225175865,85
107,1.2560608863830567,0.01458285057768184,0.05972070693969726,0.004648788291364209,10,10,10,500,"{'max_depth': 10, 'min_samples_leaf': 10, 'min_samples_split': 10, 'n_estimators': 500}",0.49504950495049505,0.5181518151815182,0.5066225165562914,0.5298013245033113,0.543046357615894,0.5185343037615021,0.016860363505491135,123
108,0.14529266357421874,0.006172104992794684,0.006598138809204101,0.007434282438767766,12,1,2,50,"{'max_depth': 12, 'min_samples_leaf': 1, 'min_samples_split': 2, 'n_estimators': 50}",0.4884488448844885,0.5610561056105611,0.5132450331125827,0.49337748344370863,0.543046357615894,0.519834764933447,0.02816545845070628,122
109,0.5838263988494873,0.010298873709111481,0.030351972579956053,0.008580482619912634,12,1,2,200,"{'max_depth': 12, 'min_samples_leaf': 1, 'min_samples_split': 2, 'n_estimators': 200}",0.5016501650165016,0.5379537953795379,0.5132450331125827,0.543046357615894,0.5066225165562914,0.5205035735361616,0.016813735582652683,118
110,1.0393102169036865,0.016384212332126207,0.04922642707824707,0.007278665854001888,12,1,2,350,"{'max_depth': 12, 'min_samples_leaf': 1, 'min_samples_split': 2, 'n_estimators': 350}",0.48514851485148514,0.5247524752475248,0.5264900662251656,0.5364238410596026,0.5264900662251656,0.5198609927217888,0.017838721351507617,121
111,1.4759286880493163,0.02015374779820677,0.07032651901245117,0.006419306273055255,12,1,2,500,"{'max_depth': 12, 'min_samples_leaf': 1, 'min_samples_split': 2, 'n_estimators': 500}",0.48514851485148514,0.5346534653465347,0.5066225165562914,0.5397350993377483,0.5066225165562914,0.5145564225296703,0.020142371547491735,138
112,0.14201207160949708,0.002856779700615985,0.017342567443847656,0.003429293766357221,12,1,6,50,"{'max_depth': 12, 'min_samples_leaf': 1, 'min_samples_split': 6, 'n_estimators': 50}",0.49174917491749176,0.47854785478547857,0.5198675496688742,0.5496688741721855,0.5231788079470199,0.51260245229821,0.02503252028232946,141
113,0.5739436626434327,0.012422962702792119,0.028120660781860353,0.0062478317235750095,12,1,6,200,"{'max_depth': 12, 'min_samples_leaf': 1, 'min_samples_split': 6, 'n_estimators': 200}",0.49834983498349833,0.5346534653465347,0.5231788079470199,0.5596026490066225,0.5264900662251656,0.5284549647017682,0.01973128044134959,76
114,1.040859317779541,0.05288108063227236,0.0506190299987793,0.006040157925902637,12,1,6,350,"{'max_depth': 12, 'min_samples_leaf': 1, 'min_samples_split': 6, 'n_estimators': 350}",0.5115511551155115,0.528052805280528,0.5264900662251656,0.5463576158940397,0.5264900662251656,0.5277883417480822,0.01106259600342941,78
115,1.465290355682373,0.031194426577676432,0.07406091690063477,0.006200647024285212,12,1,6,500,"{'max_depth': 12, 'min_samples_leaf': 1, 'min_samples_split': 6, 'n_estimators': 500}",0.47194719471947194,0.5148514851485149,0.5198675496688742,0.5463576158940397,0.5264900662251656,0.5159027823312133,0.02444792733829273,134
116,0.14323139190673828,0.00534657044437228,0.009622812271118164,0.00786932563692769,12,1,10,50,"{'max_depth': 12, 'min_samples_leaf': 1, 'min_samples_split': 10, 'n_estimators': 50}",0.49504950495049505,0.5478547854785478,0.543046357615894,0.5231788079470199,0.4966887417218543,0.5211636395427621,0.022254438542358337,113
117,0.5750943183898926,0.010605150561802092,0.028113031387329103,0.006241422029867422,12,1,10,200,"{'max_depth': 12, 'min_samples_leaf': 1, 'min_samples_split': 10, 'n_estimators': 200}",0.49174917491749176,0.5148514851485149,0.5198675496688742,0.5463576158940397,0.5298013245033113,0.5205254300264464,0.0179668770807959,115
118,1.0068944454193116,0.009487605086012535,0.0468712329864502,2.3360154559928687e-07,12,1,10,350,"{'max_depth': 12, 'min_samples_leaf': 1, 'min_samples_split': 10, 'n_estimators': 350}",0.49834983498349833,0.5412541254125413,0.5198675496688742,0.5298013245033113,0.5298013245033113,0.5238148318143072,0.014421180607461835,95
119,1.4428306579589845,0.014439039415536278,0.06875944137573242,0.006352134568253292,12,1,10,500,"{'max_depth': 12, 'min_samples_leaf': 1, 'min_samples_split': 10, 'n_estimators': 500}",0.5082508250825083,0.5082508250825083,0.5298013245033113,0.5463576158940397,0.5231788079470199,0.5231678797018775,0.01433041249271478,97
120,0.14104962348937988,0.00202252541052304,0.012504005432128906,0.006252003883481461,12,5,2,50,"{'max_depth': 12, 'min_samples_leaf': 5, 'min_samples_split': 2, 'n_estimators': 50}",0.5115511551155115,0.5214521452145214,0.5132450331125827,0.5463576158940397,0.543046357615894,0.5271304613905099,0.014769985782159444,80
121,0.5666228771209717,0.01640029116211662,0.029227781295776366,0.007096325818233142,12,5,2,200,"{'max_depth': 12, 'min_samples_leaf': 5, 'min_samples_split': 2, 'n_estimators': 200}",0.49174917491749176,0.504950495049505,0.5066225165562914,0.5364238410596026,0.5364238410596026,0.5152339737284987,0.018052500428379012,135
122,0.9811852931976318,0.015633137595572985,0.048968505859375,0.004218035749603873,12,5,2,350,"{'max_depth': 12, 'min_samples_leaf': 5, 'min_samples_split': 2, 'n_estimators': 350}",0.49504950495049505,0.5313531353135313,0.5231788079470199,0.5331125827814569,0.5264900662251656,0.5218368194435337,0.013847143843360893,109
123,1.3771074295043946,0.010661432778304029,0.07313170433044433,0.008997342701602077,12,5,2,500,"{'max_depth': 12, 'min_samples_leaf': 5, 'min_samples_split': 2, 'n_estimators': 500}",0.47854785478547857,0.5379537953795379,0.5,0.5364238410596026,0.5298013245033113,0.5165453631455861,0.02343823820003122,133
124,0.1379786491394043,0.006508629246729964,0.012518167495727539,0.00625913984988115,12,5,6,50,"{'max_depth': 12, 'min_samples_leaf': 5, 'min_samples_split': 6, 'n_estimators': 50}",0.4752475247524752,0.528052805280528,0.48344370860927155,0.5331125827814569,0.5165562913907285,0.507282582562892,0.023575960547761805,144
125,0.5691859722137451,0.010423258475283956,0.027491092681884766,0.006068550475254564,12,5,6,200,"{'max_depth': 12, 'min_samples_leaf': 5, 'min_samples_split': 6, 'n_estimators': 200}",0.5082508250825083,0.5412541254125413,0.543046357615894,0.5198675496688742,0.5165562913907285,0.5257950298341092,0.013891582889204748,89
126,0.974433422088623,0.010689723702238068,0.04737272262573242,0.010247074153740083,12,5,6,350,"{'max_depth': 12, 'min_samples_leaf': 5, 'min_samples_split': 6, 'n_estimators': 350}",0.504950495049505,0.528052805280528,0.5033112582781457,0.5397350993377483,0.5264900662251656,0.5205079448342186,0.014143227623881458,117
127,1.3794547080993653,0.00911831207576885,0.06571593284606933,0.006214977175914748,12,5,6,500,"{'max_depth': 12, 'min_samples_leaf': 5, 'min_samples_split': 6, 'n_estimators': 500}",0.49504950495049505,0.5247524752475248,0.5033112582781457,0.5496688741721855,0.5331125827814569,0.5211789390859616,0.019843687960940937,112
128,0.13632597923278808,0.006535303302769991,0.011187076568603516,0.006156861176131377,12,5,10,50,"{'max_depth': 12, 'min_samples_leaf': 5, 'min_samples_split': 10, 'n_estimators': 50}",0.49174917491749176,0.5148514851485149,0.5198675496688742,0.5331125827814569,0.5496688741721855,0.5218499333377047,0.01928576947484561,107
129,0.552968168258667,0.007279919020257463,0.03013582229614258,0.002198020743010553,12,5,10,200,"{'max_depth': 12, 'min_samples_leaf': 5, 'min_samples_split': 10, 'n_estimators': 200}",0.48184818481848185,0.5115511551155115,0.5033112582781457,0.5496688741721855,0.5364238410596026,0.5165606626887854,0.024067810560498122,130
130,0.9755985736846924,0.004257523242999839,0.0468935489654541,2.040250187062711e-05,12,5,10,350,"{'max_depth': 12, 'min_samples_leaf': 5, 'min_samples_split': 10, 'n_estimators': 350}",0.48514851485148514,0.5181518151815182,0.5198675496688742,0.5529801324503312,0.5496688741721855,0.5251633772648788,0.024709060097298955,90
131,1.393812656402588,0.006860358422466196,0.06139097213745117,0.002234795658358611,12,5,10,500,"{'max_depth': 12, 'min_samples_leaf': 5, 'min_samples_split': 10, 'n_estimators': 500}",0.49174917491749176,0.5247524752475248,0.5066225165562914,0.5364238410596026,0.5264900662251656,0.5172076148012152,0.015953235667874224,128
132,0.1304481029510498,0.011337337875404389,0.010977220535278321,0.0062330053286358345,12,10,2,50,"{'max_depth': 12, 'min_samples_leaf': 10, 'min_samples_split': 2, 'n_estimators': 50}",0.44884488448844884,0.5214521452145214,0.5364238410596026,0.543046357615894,0.5529801324503312,0.5205494721657595,0.03728864674893332,114
133,0.5146764278411865,0.013304035603939602,0.024988889694213867,0.007642206083577814,12,10,2,200,"{'max_depth': 12, 'min_samples_leaf': 10, 'min_samples_split': 2, 'n_estimators': 200}",0.48184818481848185,0.5082508250825083,0.5298013245033113,0.5529801324503312,0.5397350993377483,0.5225231132384762,0.025039979453454264,101
134,0.9078907489776611,0.01332598863424861,0.04509415626525879,0.007093398592423048,12,10,2,350,"{'max_depth': 12, 'min_samples_leaf': 10, 'min_samples_split': 2, 'n_estimators': 350}",0.4884488448844885,0.5115511551155115,0.4900662251655629,0.543046357615894,0.5364238410596026,0.5139072847682119,0.022707534013522684,140
135,1.2914758682250977,0.0203371341547469,0.07461175918579102,0.01010617008554631,12,10,2,500,"{'max_depth': 12, 'min_samples_leaf': 10, 'min_samples_split': 2, 'n_estimators': 500}",0.49174917491749176,0.5115511551155115,0.4900662251655629,0.5264900662251656,0.5364238410596026,0.5112560924966669,0.01841253321076326,143
136,0.13122682571411132,0.004245736550716213,0.008041954040527344,0.00700294707657247,12,10,6,50,"{'max_depth': 12, 'min_samples_leaf': 10, 'min_samples_split': 6, 'n_estimators': 50}",0.48184818481848185,0.5082508250825083,0.5132450331125827,0.5397350993377483,0.5662251655629139,0.5218608615828471,0.028803332232829087,106
137,0.5170619487762451,0.011223007086993824,0.0326286792755127,0.0017368694133644562,12,10,6,200,"{'max_depth': 12, 'min_samples_leaf': 10, 'min_samples_split': 6, 'n_estimators': 200}",0.48184818481848185,0.49834983498349833,0.5165562913907285,0.5331125827814569,0.5298013245033113,0.5119336436954953,0.019384659114545733,142
138,0.9048182010650635,0.008691554249500608,0.04563584327697754,0.008046359585590907,12,10,6,350,"{'max_depth': 12, 'min_samples_leaf': 10, 'min_samples_split': 6, 'n_estimators': 350}",0.48184818481848185,0.5082508250825083,0.5132450331125827,0.5463576158940397,0.5397350993377483,0.5178873516490722,0.023242699226861667,125
139,1.2958746910095216,0.02238161370211982,0.06597352027893066,0.006982822649050414,12,10,6,500,"{'max_depth': 12, 'min_samples_leaf': 10, 'min_samples_split': 6, 'n_estimators': 500}",0.49504950495049505,0.5115511551155115,0.5033112582781457,0.5364238410596026,0.5397350993377483,0.5172141717483006,0.017848455334500687,127
140,0.1320794105529785,0.00661788658873233,0.012627744674682617,0.006318530491445675,12,10,10,50,"{'max_depth': 12, 'min_samples_leaf': 10, 'min_samples_split': 10, 'n_estimators': 50}",0.5115511551155115,0.5181518151815182,0.5033112582781457,0.5298013245033113,0.5496688741721855,0.5224968854501344,0.016114892113649984,105
141,0.5236914157867432,0.013347424042680503,0.028122091293334962,0.00626740213593637,12,10,10,200,"{'max_depth': 12, 'min_samples_leaf': 10, 'min_samples_split': 10, 'n_estimators': 200}",0.48184818481848185,0.5181518151815182,0.5066225165562914,0.5231788079470199,0.543046357615894,0.5145695364238411,0.02015799393847737,137
142,0.9011082172393798,0.011937802464949727,0.04938650131225586,0.0025206937251729105,12,10,10,350,"{'max_depth': 12, 'min_samples_leaf': 10, 'min_samples_split': 10, 'n_estimators': 350}",0.49504950495049505,0.528052805280528,0.5264900662251656,0.5463576158940397,0.5331125827814569,0.5258125150263371,0.016895164538233018,87
143,1.292735767364502,0.029001418634345525,0.06053061485290527,0.005021567282630453,12,10,10,500,"{'max_depth': 12, 'min_samples_leaf': 10, 'min_samples_split': 10, 'n_estimators': 500}",0.49504950495049505,0.5082508250825083,0.5066225165562914,0.5165562913907285,0.5562913907284768,0.5165541057417,0.021019422501769646,131
