,mean_fit_time,std_fit_time,mean_score_time,std_score_time,param_activation,param_alpha,param_early_stopping,param_hidden_layer_sizes,param_learning_rate_init,param_max_iter,params,split0_test_score,split1_test_score,split2_test_score,split3_test_score,split4_test_score,mean_test_score,std_test_score,rank_test_score
0,3.185695505142212,0.469335652695962,0.024756765365600585,0.0006580375864845375,logistic,0.0001,True,"(500, 400, 300, 200, 100)",0.0001,300,"{'activation': 'logistic', 'alpha': 0.0001, 'early_stopping': True, 'hidden_layer_sizes': (500, 400, 300, 200, 100), 'learning_rate_init': 0.0001, 'max_iter': 300}",0.504950495049505,0.504950495049505,0.5033112582781457,0.5033112582781457,0.5033112582781457,0.5039669529866894,0.0008030587314874957,2
1,3.2921399116516112,0.5458000765496135,0.024456119537353514,0.00012525910412784604,logistic,0.0001,True,"(500, 400, 300, 200, 100)",0.001,300,"{'activation': 'logistic', 'alpha': 0.0001, 'early_stopping': True, 'hidden_layer_sizes': (500, 400, 300, 200, 100), 'learning_rate_init': 0.001, 'max_iter': 300}",0.504950495049505,0.504950495049505,0.5033112582781457,0.5033112582781457,0.5033112582781457,0.5039669529866894,0.0008030587314874957,2
2,2.937247943878174,0.3422469553163746,0.025919151306152344,0.0020378937824162245,logistic,0.0001,True,"(500, 400, 300, 200, 100)",0.01,300,"{'activation': 'logistic', 'alpha': 0.0001, 'early_stopping': True, 'hidden_layer_sizes': (500, 400, 300, 200, 100), 'learning_rate_init': 0.01, 'max_iter': 300}",0.504950495049505,0.504950495049505,0.5033112582781457,0.5033112582781457,0.5033112582781457,0.5039669529866894,0.0008030587314874957,2
3,4.0488588333129885,0.43001198841825095,0.030867624282836913,0.0009610150865175525,logistic,0.0001,True,"(400, 400, 400, 400, 400)",0.0001,300,"{'activation': 'logistic', 'alpha': 0.0001, 'early_stopping': True, 'hidden_layer_sizes': (400, 400, 400, 400, 400), 'learning_rate_init': 0.0001, 'max_iter': 300}",0.504950495049505,0.504950495049505,0.5033112582781457,0.5033112582781457,0.5033112582781457,0.5039669529866894,0.0008030587314874957,2
4,4.079942512512207,0.35569580581797017,0.030909633636474608,0.0008074626964305315,logistic,0.0001,True,"(400, 400, 400, 400, 400)",0.001,300,"{'activation': 'logistic', 'alpha': 0.0001, 'early_stopping': True, 'hidden_layer_sizes': (400, 400, 400, 400, 400), 'learning_rate_init': 0.001, 'max_iter': 300}",0.504950495049505,0.504950495049505,0.5033112582781457,0.5033112582781457,0.5033112582781457,0.5039669529866894,0.0008030587314874957,2
5,3.8863100528717043,0.14217315679673595,0.031432294845581056,0.001239367918362485,logistic,0.0001,True,"(400, 400, 400, 400, 400)",0.01,300,"{'activation': 'logistic', 'alpha': 0.0001, 'early_stopping': True, 'hidden_layer_sizes': (400, 400, 400, 400, 400), 'learning_rate_init': 0.01, 'max_iter': 300}",0.504950495049505,0.504950495049505,0.5033112582781457,0.5033112582781457,0.5033112582781457,0.5039669529866894,0.0008030587314874957,2
6,2.836089754104614,0.14932099802638346,0.022868919372558593,0.0008664993391240881,logistic,0.0001,True,"(300, 300, 300, 300, 300)",0.0001,300,"{'activation': 'logistic', 'alpha': 0.0001, 'early_stopping': True, 'hidden_layer_sizes': (300, 300, 300, 300, 300), 'learning_rate_init': 0.0001, 'max_iter': 300}",0.504950495049505,0.504950495049505,0.5033112582781457,0.5033112582781457,0.5033112582781457,0.5039669529866894,0.0008030587314874957,2
7,2.408044958114624,0.06545301940156914,0.0225618839263916,0.00024669061504576127,logistic,0.0001,True,"(300, 300, 300, 300, 300)",0.001,300,"{'activation': 'logistic', 'alpha': 0.0001, 'early_stopping': True, 'hidden_layer_sizes': (300, 300, 300, 300, 300), 'learning_rate_init': 0.001, 'max_iter': 300}",0.504950495049505,0.504950495049505,0.5033112582781457,0.5033112582781457,0.5033112582781457,0.5039669529866894,0.0008030587314874957,2
8,2.455118942260742,0.09597271276933367,0.02243051528930664,0.00016532581741766466,logistic,0.0001,True,"(300, 300, 300, 300, 300)",0.01,300,"{'activation': 'logistic', 'alpha': 0.0001, 'early_stopping': True, 'hidden_layer_sizes': (300, 300, 300, 300, 300), 'learning_rate_init': 0.01, 'max_iter': 300}",0.504950495049505,0.504950495049505,0.5033112582781457,0.5033112582781457,0.5033112582781457,0.5039669529866894,0.0008030587314874957,2
9,1.3948795318603515,0.10701344873666217,0.015419197082519532,7.087593698768213e-05,logistic,0.0001,True,"(200, 200, 200, 200, 200)",0.0001,300,"{'activation': 'logistic', 'alpha': 0.0001, 'early_stopping': True, 'hidden_layer_sizes': (200, 200, 200, 200, 200), 'learning_rate_init': 0.0001, 'max_iter': 300}",0.504950495049505,0.504950495049505,0.5033112582781457,0.5033112582781457,0.5033112582781457,0.5039669529866894,0.0008030587314874957,2
10,1.3667441844940185,0.051113724319984885,0.021011734008789064,0.011271508880930594,logistic,0.0001,True,"(200, 200, 200, 200, 200)",0.001,300,"{'activation': 'logistic', 'alpha': 0.0001, 'early_stopping': True, 'hidden_layer_sizes': (200, 200, 200, 200, 200), 'learning_rate_init': 0.001, 'max_iter': 300}",0.504950495049505,0.504950495049505,0.5033112582781457,0.5033112582781457,0.5033112582781457,0.5039669529866894,0.0008030587314874957,2
11,1.3696558952331543,0.0566604874342467,0.01528635025024414,5.164029744416065e-05,logistic,0.0001,True,"(200, 200, 200, 200, 200)",0.01,300,"{'activation': 'logistic', 'alpha': 0.0001, 'early_stopping': True, 'hidden_layer_sizes': (200, 200, 200, 200, 200), 'learning_rate_init': 0.01, 'max_iter': 300}",0.504950495049505,0.504950495049505,0.5033112582781457,0.5033112582781457,0.5033112582781457,0.5039669529866894,0.0008030587314874957,2
12,3.695370388031006,0.4116991247232669,0.024397563934326173,0.00013418729699707995,logistic,0.0001,False,"(500, 400, 300, 200, 100)",0.0001,300,"{'activation': 'logistic', 'alpha': 0.0001, 'early_stopping': False, 'hidden_layer_sizes': (500, 400, 300, 200, 100), 'learning_rate_init': 0.0001, 'max_iter': 300}",0.49504950495049505,0.504950495049505,0.5033112582781457,0.5033112582781457,0.4966887417218543,0.5006622516556292,0.003992873911036861,145
13,5.984551286697387,1.3690193324588236,0.02499213218688965,0.0015107909561135916,logistic,0.0001,False,"(500, 400, 300, 200, 100)",0.001,300,"{'activation': 'logistic', 'alpha': 0.0001, 'early_stopping': False, 'hidden_layer_sizes': (500, 400, 300, 200, 100), 'learning_rate_init': 0.001, 'max_iter': 300}",0.49504950495049505,0.49504950495049505,0.4966887417218543,0.4966887417218543,0.4966887417218543,0.49603304701331064,0.0008030587314874957,213
14,5.193652868270874,1.0541295431841253,0.024762296676635744,0.000715092840718671,logistic,0.0001,False,"(500, 400, 300, 200, 100)",0.01,300,"{'activation': 'logistic', 'alpha': 0.0001, 'early_stopping': False, 'hidden_layer_sizes': (500, 400, 300, 200, 100), 'learning_rate_init': 0.01, 'max_iter': 300}",0.504950495049505,0.49504950495049505,0.4966887417218543,0.5033112582781457,0.4966887417218543,0.4993377483443709,0.003992873911036861,176
15,5.886101198196411,1.4235322447920074,0.03023686408996582,0.00010921315715937782,logistic,0.0001,False,"(400, 400, 400, 400, 400)",0.0001,300,"{'activation': 'logistic', 'alpha': 0.0001, 'early_stopping': False, 'hidden_layer_sizes': (400, 400, 400, 400, 400), 'learning_rate_init': 0.0001, 'max_iter': 300}",0.504950495049505,0.49504950495049505,0.4966887417218543,0.4966887417218543,0.5033112582781457,0.4993377483443709,0.003992873911036861,176
16,8.77888889312744,3.5332306089440353,0.03075380325317383,0.0010477436812781535,logistic,0.0001,False,"(400, 400, 400, 400, 400)",0.001,300,"{'activation': 'logistic', 'alpha': 0.0001, 'early_stopping': False, 'hidden_layer_sizes': (400, 400, 400, 400, 400), 'learning_rate_init': 0.001, 'max_iter': 300}",0.49504950495049505,0.504950495049505,0.5033112582781457,0.4966887417218543,0.5033112582781457,0.5006622516556292,0.003992873911036861,145
17,8.582827091217041,1.3448928625964345,0.029959774017333983,0.00015405003544643038,logistic,0.0001,False,"(400, 400, 400, 400, 400)",0.01,300,"{'activation': 'logistic', 'alpha': 0.0001, 'early_stopping': False, 'hidden_layer_sizes': (400, 400, 400, 400, 400), 'learning_rate_init': 0.01, 'max_iter': 300}",0.49504950495049505,0.504950495049505,0.4966887417218543,0.5033112582781457,0.5033112582781457,0.5006622516556292,0.003992873911036861,145
18,4.319935655593872,1.4351968805998927,0.022741222381591798,0.0004406335432027001,logistic,0.0001,False,"(300, 300, 300, 300, 300)",0.0001,300,"{'activation': 'logistic', 'alpha': 0.0001, 'early_stopping': False, 'hidden_layer_sizes': (300, 300, 300, 300, 300), 'learning_rate_init': 0.0001, 'max_iter': 300}",0.49504950495049505,0.504950495049505,0.5033112582781457,0.5033112582781457,0.5033112582781457,0.5019867549668874,0.0035262478679710632,127
19,5.141009902954101,1.493601189841864,0.02298083305358887,0.0011249676361138167,logistic,0.0001,False,"(300, 300, 300, 300, 300)",0.001,300,"{'activation': 'logistic', 'alpha': 0.0001, 'early_stopping': False, 'hidden_layer_sizes': (300, 300, 300, 300, 300), 'learning_rate_init': 0.001, 'max_iter': 300}",0.49504950495049505,0.504950495049505,0.4966887417218543,0.5033112582781457,0.4966887417218543,0.4993377483443709,0.003992873911036861,176
20,4.628743457794189,1.3054575348093063,0.024036359786987305,0.0014767965683467072,logistic,0.0001,False,"(300, 300, 300, 300, 300)",0.01,300,"{'activation': 'logistic', 'alpha': 0.0001, 'early_stopping': False, 'hidden_layer_sizes': (300, 300, 300, 300, 300), 'learning_rate_init': 0.01, 'max_iter': 300}",0.504950495049505,0.504950495049505,0.5033112582781457,0.4966887417218543,0.5033112582781457,0.5026424496754311,0.003065791747271213,112
21,1.9294814109802245,0.23368404047949057,0.015486192703247071,0.00019828741024728233,logistic,0.0001,False,"(200, 200, 200, 200, 200)",0.0001,300,"{'activation': 'logistic', 'alpha': 0.0001, 'early_stopping': False, 'hidden_layer_sizes': (200, 200, 200, 200, 200), 'learning_rate_init': 0.0001, 'max_iter': 300}",0.504950495049505,0.504950495049505,0.4966887417218543,0.5033112582781457,0.5033112582781457,0.5026424496754311,0.003065791747271213,112
22,2.2366299629211426,0.6916384857291559,0.015896415710449217,0.0009529066405434404,logistic,0.0001,False,"(200, 200, 200, 200, 200)",0.001,300,"{'activation': 'logistic', 'alpha': 0.0001, 'early_stopping': False, 'hidden_layer_sizes': (200, 200, 200, 200, 200), 'learning_rate_init': 0.001, 'max_iter': 300}",0.504950495049505,0.49504950495049505,0.5033112582781457,0.4966887417218543,0.5033112582781457,0.5006622516556292,0.003992873911036861,145
23,3.1062617778778074,0.5322429175193706,0.01547536849975586,0.0002126363121303051,logistic,0.0001,False,"(200, 200, 200, 200, 200)",0.01,300,"{'activation': 'logistic', 'alpha': 0.0001, 'early_stopping': False, 'hidden_layer_sizes': (200, 200, 200, 200, 200), 'learning_rate_init': 0.01, 'max_iter': 300}",0.49504950495049505,0.504950495049505,0.5033112582781457,0.4966887417218543,0.5033112582781457,0.5006622516556292,0.003992873911036861,145
24,2.7614465236663817,0.16742226240098232,0.02424015998840332,0.00021382122554293242,logistic,0.001,True,"(500, 400, 300, 200, 100)",0.0001,300,"{'activation': 'logistic', 'alpha': 0.001, 'early_stopping': True, 'hidden_layer_sizes': (500, 400, 300, 200, 100), 'learning_rate_init': 0.0001, 'max_iter': 300}",0.504950495049505,0.504950495049505,0.5033112582781457,0.5033112582781457,0.5033112582781457,0.5039669529866894,0.0008030587314874957,2
25,2.6696662425994875,0.09860711740477734,0.024695682525634765,0.0008469664154792996,logistic,0.001,True,"(500, 400, 300, 200, 100)",0.001,300,"{'activation': 'logistic', 'alpha': 0.001, 'early_stopping': True, 'hidden_layer_sizes': (500, 400, 300, 200, 100), 'learning_rate_init': 0.001, 'max_iter': 300}",0.504950495049505,0.504950495049505,0.5033112582781457,0.5033112582781457,0.5033112582781457,0.5039669529866894,0.0008030587314874957,2
26,2.7256402015686034,0.10226548716750823,0.02457275390625,0.0003623959453481177,logistic,0.001,True,"(500, 400, 300, 200, 100)",0.01,300,"{'activation': 'logistic', 'alpha': 0.001, 'early_stopping': True, 'hidden_layer_sizes': (500, 400, 300, 200, 100), 'learning_rate_init': 0.01, 'max_iter': 300}",0.504950495049505,0.504950495049505,0.5033112582781457,0.5033112582781457,0.5033112582781457,0.5039669529866894,0.0008030587314874957,2
27,3.6882283687591553,0.01447507793266226,0.03045821189880371,0.00048522233207985965,logistic,0.001,True,"(400, 400, 400, 400, 400)",0.0001,300,"{'activation': 'logistic', 'alpha': 0.001, 'early_stopping': True, 'hidden_layer_sizes': (400, 400, 400, 400, 400), 'learning_rate_init': 0.0001, 'max_iter': 300}",0.504950495049505,0.504950495049505,0.5033112582781457,0.5033112582781457,0.5033112582781457,0.5039669529866894,0.0008030587314874957,2
28,3.9951034069061278,0.28188007337801496,0.03059835433959961,0.0009791257841236724,logistic,0.001,True,"(400, 400, 400, 400, 400)",0.001,300,"{'activation': 'logistic', 'alpha': 0.001, 'early_stopping': True, 'hidden_layer_sizes': (400, 400, 400, 400, 400), 'learning_rate_init': 0.001, 'max_iter': 300}",0.504950495049505,0.504950495049505,0.5033112582781457,0.5033112582781457,0.5033112582781457,0.5039669529866894,0.0008030587314874957,2
29,3.9945143699645995,0.44248526275945316,0.030064201354980467,8.248684701568529e-05,logistic,0.001,True,"(400, 400, 400, 400, 400)",0.01,300,"{'activation': 'logistic', 'alpha': 0.001, 'early_stopping': True, 'hidden_layer_sizes': (400, 400, 400, 400, 400), 'learning_rate_init': 0.01, 'max_iter': 300}",0.504950495049505,0.504950495049505,0.5033112582781457,0.5033112582781457,0.5033112582781457,0.5039669529866894,0.0008030587314874957,2
30,2.450238084793091,0.15276961695503682,0.022605705261230468,0.00029713905403112823,logistic,0.001,True,"(300, 300, 300, 300, 300)",0.0001,300,"{'activation': 'logistic', 'alpha': 0.001, 'early_stopping': True, 'hidden_layer_sizes': (300, 300, 300, 300, 300), 'learning_rate_init': 0.0001, 'max_iter': 300}",0.504950495049505,0.504950495049505,0.5033112582781457,0.5033112582781457,0.5033112582781457,0.5039669529866894,0.0008030587314874957,2
31,2.486007642745972,0.10339323392118915,0.02229471206665039,0.00010651600778186452,logistic,0.001,True,"(300, 300, 300, 300, 300)",0.001,300,"{'activation': 'logistic', 'alpha': 0.001, 'early_stopping': True, 'hidden_layer_sizes': (300, 300, 300, 300, 300), 'learning_rate_init': 0.001, 'max_iter': 300}",0.504950495049505,0.504950495049505,0.5033112582781457,0.5033112582781457,0.5033112582781457,0.5039669529866894,0.0008030587314874957,2
32,2.4836334705352785,0.11612510959819694,0.022796487808227538,0.0007692354948541779,logistic,0.001,True,"(300, 300, 300, 300, 300)",0.01,300,"{'activation': 'logistic', 'alpha': 0.001, 'early_stopping': True, 'hidden_layer_sizes': (300, 300, 300, 300, 300), 'learning_rate_init': 0.01, 'max_iter': 300}",0.504950495049505,0.504950495049505,0.5033112582781457,0.5033112582781457,0.5033112582781457,0.5039669529866894,0.0008030587314874957,2
33,1.437976598739624,0.17289015090385257,0.015320491790771485,0.00011702776865936304,logistic,0.001,True,"(200, 200, 200, 200, 200)",0.0001,300,"{'activation': 'logistic', 'alpha': 0.001, 'early_stopping': True, 'hidden_layer_sizes': (200, 200, 200, 200, 200), 'learning_rate_init': 0.0001, 'max_iter': 300}",0.504950495049505,0.504950495049505,0.5033112582781457,0.5033112582781457,0.5033112582781457,0.5039669529866894,0.0008030587314874957,2
34,1.4041946411132813,0.04375514063440716,0.016518354415893555,0.00207126133116029,logistic,0.001,True,"(200, 200, 200, 200, 200)",0.001,300,"{'activation': 'logistic', 'alpha': 0.001, 'early_stopping': True, 'hidden_layer_sizes': (200, 200, 200, 200, 200), 'learning_rate_init': 0.001, 'max_iter': 300}",0.504950495049505,0.504950495049505,0.5033112582781457,0.5033112582781457,0.5033112582781457,0.5039669529866894,0.0008030587314874957,2
35,1.4339509963989259,0.0560631495530762,0.01599421501159668,5.032441866770379e-05,logistic,0.001,True,"(200, 200, 200, 200, 200)",0.01,300,"{'activation': 'logistic', 'alpha': 0.001, 'early_stopping': True, 'hidden_layer_sizes': (200, 200, 200, 200, 200), 'learning_rate_init': 0.01, 'max_iter': 300}",0.504950495049505,0.504950495049505,0.5033112582781457,0.5033112582781457,0.5033112582781457,0.5039669529866894,0.0008030587314874957,2
36,5.0224034786224365,1.8702816525612376,0.02461533546447754,0.001001636187203986,logistic,0.001,False,"(500, 400, 300, 200, 100)",0.0001,300,"{'activation': 'logistic', 'alpha': 0.001, 'early_stopping': False, 'hidden_layer_sizes': (500, 400, 300, 200, 100), 'learning_rate_init': 0.0001, 'max_iter': 300}",0.49504950495049505,0.504950495049505,0.4966887417218543,0.4966887417218543,0.5033112582781457,0.4993377483443709,0.003992873911036861,176
37,5.169718027114868,0.9056644080597567,0.02414216995239258,6.475258994381188e-05,logistic,0.001,False,"(500, 400, 300, 200, 100)",0.001,300,"{'activation': 'logistic', 'alpha': 0.001, 'early_stopping': False, 'hidden_layer_sizes': (500, 400, 300, 200, 100), 'learning_rate_init': 0.001, 'max_iter': 300}",0.49504950495049505,0.49504950495049505,0.5033112582781457,0.5033112582781457,0.5033112582781457,0.5000065569470854,0.0040474160066970195,167
38,5.472099733352661,0.777481461817151,0.024398422241210936,0.00033025813866849297,logistic,0.001,False,"(500, 400, 300, 200, 100)",0.01,300,"{'activation': 'logistic', 'alpha': 0.001, 'early_stopping': False, 'hidden_layer_sizes': (500, 400, 300, 200, 100), 'learning_rate_init': 0.01, 'max_iter': 300}",0.504950495049505,0.504950495049505,0.5033112582781457,0.4966887417218543,0.4966887417218543,0.5013179463641728,0.003826831157235177,137
39,6.622423219680786,1.6324590268313819,0.0315894603729248,0.003093140893582489,logistic,0.001,False,"(400, 400, 400, 400, 400)",0.0001,300,"{'activation': 'logistic', 'alpha': 0.001, 'early_stopping': False, 'hidden_layer_sizes': (400, 400, 400, 400, 400), 'learning_rate_init': 0.0001, 'max_iter': 300}",0.504950495049505,0.49504950495049505,0.5033112582781457,0.5033112582781457,0.4966887417218543,0.5006622516556292,0.003992873911036861,145
40,8.7662109375,2.665353741668306,0.030360841751098634,0.0004253095191271773,logistic,0.001,False,"(400, 400, 400, 400, 400)",0.001,300,"{'activation': 'logistic', 'alpha': 0.001, 'early_stopping': False, 'hidden_layer_sizes': (400, 400, 400, 400, 400), 'learning_rate_init': 0.001, 'max_iter': 300}",0.49504950495049505,0.504950495049505,0.4966887417218543,0.5033112582781457,0.5033112582781457,0.5006622516556292,0.003992873911036861,145
41,9.451769924163818,2.996583107193065,0.030545997619628906,0.0005084914500562097,logistic,0.001,False,"(400, 400, 400, 400, 400)",0.01,300,"{'activation': 'logistic', 'alpha': 0.001, 'early_stopping': False, 'hidden_layer_sizes': (400, 400, 400, 400, 400), 'learning_rate_init': 0.01, 'max_iter': 300}",0.504950495049505,0.49504950495049505,0.5033112582781457,0.5033112582781457,0.4966887417218543,0.5006622516556292,0.003992873911036861,145
42,4.115268898010254,0.8185145751268971,0.02265939712524414,0.0004615180364302743,logistic,0.001,False,"(300, 300, 300, 300, 300)",0.0001,300,"{'activation': 'logistic', 'alpha': 0.001, 'early_stopping': False, 'hidden_layer_sizes': (300, 300, 300, 300, 300), 'learning_rate_init': 0.0001, 'max_iter': 300}",0.504950495049505,0.49504950495049505,0.5033112582781457,0.4966887417218543,0.4966887417218543,0.4993377483443709,0.003992873911036861,176
43,5.71534914970398,2.036920989308008,0.022544193267822265,0.00010779171592074765,logistic,0.001,False,"(300, 300, 300, 300, 300)",0.001,300,"{'activation': 'logistic', 'alpha': 0.001, 'early_stopping': False, 'hidden_layer_sizes': (300, 300, 300, 300, 300), 'learning_rate_init': 0.001, 'max_iter': 300}",0.504950495049505,0.504950495049505,0.4966887417218543,0.5033112582781457,0.5033112582781457,0.5026424496754311,0.003065791747271213,112
44,5.364242506027222,0.9979786743787653,0.023065471649169923,0.0010986300350856112,logistic,0.001,False,"(300, 300, 300, 300, 300)",0.01,300,"{'activation': 'logistic', 'alpha': 0.001, 'early_stopping': False, 'hidden_layer_sizes': (300, 300, 300, 300, 300), 'learning_rate_init': 0.01, 'max_iter': 300}",0.49504950495049505,0.504950495049505,0.5033112582781457,0.5033112582781457,0.4966887417218543,0.5006622516556292,0.003992873911036861,145
45,1.8505061149597168,0.25297349805558217,0.01551523208618164,0.00017852891459096048,logistic,0.001,False,"(200, 200, 200, 200, 200)",0.0001,300,"{'activation': 'logistic', 'alpha': 0.001, 'early_stopping': False, 'hidden_layer_sizes': (200, 200, 200, 200, 200), 'learning_rate_init': 0.0001, 'max_iter': 300}",0.49504950495049505,0.49504950495049505,0.5033112582781457,0.5033112582781457,0.4966887417218543,0.4986820536358271,0.0038268311572351773,195
46,1.9842373847961425,0.4341760418644234,0.015505409240722657,0.0001486444221639491,logistic,0.001,False,"(200, 200, 200, 200, 200)",0.001,300,"{'activation': 'logistic', 'alpha': 0.001, 'early_stopping': False, 'hidden_layer_sizes': (200, 200, 200, 200, 200), 'learning_rate_init': 0.001, 'max_iter': 300}",0.49504950495049505,0.504950495049505,0.4966887417218543,0.5033112582781457,0.4966887417218543,0.4993377483443709,0.003992873911036861,176
47,3.0664857387542725,0.5656956459286291,0.016439342498779298,0.0015401707684091416,logistic,0.001,False,"(200, 200, 200, 200, 200)",0.01,300,"{'activation': 'logistic', 'alpha': 0.001, 'early_stopping': False, 'hidden_layer_sizes': (200, 200, 200, 200, 200), 'learning_rate_init': 0.01, 'max_iter': 300}",0.49504950495049505,0.49504950495049505,0.4966887417218543,0.4966887417218543,0.4966887417218543,0.49603304701331064,0.0008030587314874957,213
48,2.810682201385498,0.3539611899454599,0.024388456344604494,0.000357494571003708,logistic,0.005,True,"(500, 400, 300, 200, 100)",0.0001,300,"{'activation': 'logistic', 'alpha': 0.005, 'early_stopping': True, 'hidden_layer_sizes': (500, 400, 300, 200, 100), 'learning_rate_init': 0.0001, 'max_iter': 300}",0.504950495049505,0.504950495049505,0.5033112582781457,0.5033112582781457,0.5033112582781457,0.5039669529866894,0.0008030587314874957,2
49,2.711651086807251,0.11565288096708999,0.02423582077026367,0.00015329929750395682,logistic,0.005,True,"(500, 400, 300, 200, 100)",0.001,300,"{'activation': 'logistic', 'alpha': 0.005, 'early_stopping': True, 'hidden_layer_sizes': (500, 400, 300, 200, 100), 'learning_rate_init': 0.001, 'max_iter': 300}",0.504950495049505,0.504950495049505,0.5033112582781457,0.5033112582781457,0.5033112582781457,0.5039669529866894,0.0008030587314874957,2
50,2.8162069797515867,0.09382048289887325,0.037885427474975586,0.02285661705475279,logistic,0.005,True,"(500, 400, 300, 200, 100)",0.01,300,"{'activation': 'logistic', 'alpha': 0.005, 'early_stopping': True, 'hidden_layer_sizes': (500, 400, 300, 200, 100), 'learning_rate_init': 0.01, 'max_iter': 300}",0.504950495049505,0.504950495049505,0.5033112582781457,0.5033112582781457,0.5033112582781457,0.5039669529866894,0.0008030587314874957,2
51,4.037644338607788,0.28355646413166685,0.030310773849487306,0.0003515522364167085,logistic,0.005,True,"(400, 400, 400, 400, 400)",0.0001,300,"{'activation': 'logistic', 'alpha': 0.005, 'early_stopping': True, 'hidden_layer_sizes': (400, 400, 400, 400, 400), 'learning_rate_init': 0.0001, 'max_iter': 300}",0.504950495049505,0.504950495049505,0.5033112582781457,0.5033112582781457,0.5033112582781457,0.5039669529866894,0.0008030587314874957,2
52,3.8384979248046873,0.13964530689762011,0.030082035064697265,0.000156578351907029,logistic,0.005,True,"(400, 400, 400, 400, 400)",0.001,300,"{'activation': 'logistic', 'alpha': 0.005, 'early_stopping': True, 'hidden_layer_sizes': (400, 400, 400, 400, 400), 'learning_rate_init': 0.001, 'max_iter': 300}",0.504950495049505,0.504950495049505,0.5033112582781457,0.5033112582781457,0.5033112582781457,0.5039669529866894,0.0008030587314874957,2
53,3.7481128215789794,0.14099539594348326,0.030252695083618164,0.00033837488278354294,logistic,0.005,True,"(400, 400, 400, 400, 400)",0.01,300,"{'activation': 'logistic', 'alpha': 0.005, 'early_stopping': True, 'hidden_layer_sizes': (400, 400, 400, 400, 400), 'learning_rate_init': 0.01, 'max_iter': 300}",0.504950495049505,0.504950495049505,0.5033112582781457,0.5033112582781457,0.5033112582781457,0.5039669529866894,0.0008030587314874957,2
54,2.426627826690674,0.14058539077619053,0.022329950332641603,6.387030376487753e-05,logistic,0.005,True,"(300, 300, 300, 300, 300)",0.0001,300,"{'activation': 'logistic', 'alpha': 0.005, 'early_stopping': True, 'hidden_layer_sizes': (300, 300, 300, 300, 300), 'learning_rate_init': 0.0001, 'max_iter': 300}",0.504950495049505,0.504950495049505,0.5033112582781457,0.5033112582781457,0.5033112582781457,0.5039669529866894,0.0008030587314874957,2
55,2.4189342975616457,0.08936254969989205,0.022757625579833983,0.0008805949161449835,logistic,0.005,True,"(300, 300, 300, 300, 300)",0.001,300,"{'activation': 'logistic', 'alpha': 0.005, 'early_stopping': True, 'hidden_layer_sizes': (300, 300, 300, 300, 300), 'learning_rate_init': 0.001, 'max_iter': 300}",0.504950495049505,0.504950495049505,0.5033112582781457,0.5033112582781457,0.5033112582781457,0.5039669529866894,0.0008030587314874957,2
56,2.4450967788696287,0.10063394909950958,0.02227926254272461,6.676197034973271e-05,logistic,0.005,True,"(300, 300, 300, 300, 300)",0.01,300,"{'activation': 'logistic', 'alpha': 0.005, 'early_stopping': True, 'hidden_layer_sizes': (300, 300, 300, 300, 300), 'learning_rate_init': 0.01, 'max_iter': 300}",0.504950495049505,0.504950495049505,0.5033112582781457,0.5033112582781457,0.5033112582781457,0.5039669529866894,0.0008030587314874957,2
57,1.371605110168457,0.10882023731271166,0.01557302474975586,0.0005658870273721809,logistic,0.005,True,"(200, 200, 200, 200, 200)",0.0001,300,"{'activation': 'logistic', 'alpha': 0.005, 'early_stopping': True, 'hidden_layer_sizes': (200, 200, 200, 200, 200), 'learning_rate_init': 0.0001, 'max_iter': 300}",0.504950495049505,0.504950495049505,0.5033112582781457,0.5033112582781457,0.5033112582781457,0.5039669529866894,0.0008030587314874957,2
58,1.3509979248046875,0.044165858838485755,0.016385936737060548,0.0012889102048050521,logistic,0.005,True,"(200, 200, 200, 200, 200)",0.001,300,"{'activation': 'logistic', 'alpha': 0.005, 'early_stopping': True, 'hidden_layer_sizes': (200, 200, 200, 200, 200), 'learning_rate_init': 0.001, 'max_iter': 300}",0.504950495049505,0.504950495049505,0.5033112582781457,0.5033112582781457,0.5033112582781457,0.5039669529866894,0.0008030587314874957,2
59,1.3768184661865235,0.03970536686688441,0.015198135375976562,2.662895391595002e-05,logistic,0.005,True,"(200, 200, 200, 200, 200)",0.01,300,"{'activation': 'logistic', 'alpha': 0.005, 'early_stopping': True, 'hidden_layer_sizes': (200, 200, 200, 200, 200), 'learning_rate_init': 0.01, 'max_iter': 300}",0.504950495049505,0.504950495049505,0.5033112582781457,0.5033112582781457,0.5033112582781457,0.5039669529866894,0.0008030587314874957,2
60,12.681530141830445,4.789243465289377,0.02508578300476074,0.0017729382444006837,logistic,0.005,False,"(500, 400, 300, 200, 100)",0.0001,300,"{'activation': 'logistic', 'alpha': 0.005, 'early_stopping': False, 'hidden_layer_sizes': (500, 400, 300, 200, 100), 'learning_rate_init': 0.0001, 'max_iter': 300}",0.49504950495049505,0.504950495049505,0.4966887417218543,0.4966887417218543,0.5033112582781457,0.4993377483443709,0.003992873911036861,176
61,6.462052249908448,1.49397973555281,0.02524728775024414,0.0011310448573441944,logistic,0.005,False,"(500, 400, 300, 200, 100)",0.001,300,"{'activation': 'logistic', 'alpha': 0.005, 'early_stopping': False, 'hidden_layer_sizes': (500, 400, 300, 200, 100), 'learning_rate_init': 0.001, 'max_iter': 300}",0.504950495049505,0.504950495049505,0.4966887417218543,0.5033112582781457,0.5033112582781457,0.5026424496754311,0.003065791747271213,112
62,6.765027904510498,1.5286751938394816,0.024893951416015626,0.001190175301327378,logistic,0.005,False,"(500, 400, 300, 200, 100)",0.01,300,"{'activation': 'logistic', 'alpha': 0.005, 'early_stopping': False, 'hidden_layer_sizes': (500, 400, 300, 200, 100), 'learning_rate_init': 0.01, 'max_iter': 300}",0.49504950495049505,0.504950495049505,0.5033112582781457,0.5033112582781457,0.5033112582781457,0.5019867549668874,0.0035262478679710632,127
63,11.38634991645813,2.312274960632271,0.03063936233520508,0.0008767084653571525,logistic,0.005,False,"(400, 400, 400, 400, 400)",0.0001,300,"{'activation': 'logistic', 'alpha': 0.005, 'early_stopping': False, 'hidden_layer_sizes': (400, 400, 400, 400, 400), 'learning_rate_init': 0.0001, 'max_iter': 300}",0.49504950495049505,0.504950495049505,0.5033112582781457,0.5033112582781457,0.5033112582781457,0.5019867549668874,0.0035262478679710632,127
64,14.646937465667724,2.470011033716912,0.030164194107055665,9.463534698007998e-05,logistic,0.005,False,"(400, 400, 400, 400, 400)",0.001,300,"{'activation': 'logistic', 'alpha': 0.005, 'early_stopping': False, 'hidden_layer_sizes': (400, 400, 400, 400, 400), 'learning_rate_init': 0.001, 'max_iter': 300}",0.504950495049505,0.49504950495049505,0.5033112582781457,0.5033112582781457,0.4966887417218543,0.5006622516556292,0.003992873911036861,145
65,13.385923194885255,3.794696237135076,0.03009004592895508,0.00010396049608941712,logistic,0.005,False,"(400, 400, 400, 400, 400)",0.01,300,"{'activation': 'logistic', 'alpha': 0.005, 'early_stopping': False, 'hidden_layer_sizes': (400, 400, 400, 400, 400), 'learning_rate_init': 0.01, 'max_iter': 300}",0.504950495049505,0.504950495049505,0.5033112582781457,0.5033112582781457,0.4966887417218543,0.5026424496754311,0.003065791747271213,112
66,10.34348955154419,2.0389980094488966,0.022368431091308594,9.686615612216374e-05,logistic,0.005,False,"(300, 300, 300, 300, 300)",0.0001,300,"{'activation': 'logistic', 'alpha': 0.005, 'early_stopping': False, 'hidden_layer_sizes': (300, 300, 300, 300, 300), 'learning_rate_init': 0.0001, 'max_iter': 300}",0.504950495049505,0.504950495049505,0.5033112582781457,0.5033112582781457,0.4966887417218543,0.5026424496754311,0.003065791747271213,112
67,7.43265061378479,1.4928251307086746,0.02286386489868164,0.0005865394189332131,logistic,0.005,False,"(300, 300, 300, 300, 300)",0.001,300,"{'activation': 'logistic', 'alpha': 0.005, 'early_stopping': False, 'hidden_layer_sizes': (300, 300, 300, 300, 300), 'learning_rate_init': 0.001, 'max_iter': 300}",0.504950495049505,0.49504950495049505,0.4966887417218543,0.4966887417218543,0.4966887417218543,0.4980132450331126,0.0035262478679710632,202
68,7.385330438613892,1.4317159304688865,0.022435903549194336,7.386929419494607e-05,logistic,0.005,False,"(300, 300, 300, 300, 300)",0.01,300,"{'activation': 'logistic', 'alpha': 0.005, 'early_stopping': False, 'hidden_layer_sizes': (300, 300, 300, 300, 300), 'learning_rate_init': 0.01, 'max_iter': 300}",0.504950495049505,0.49504950495049505,0.5033112582781457,0.4966887417218543,0.4966887417218543,0.4993377483443709,0.003992873911036861,176
69,3.704316806793213,1.7383863433708409,0.015484046936035157,0.00010381495098647286,logistic,0.005,False,"(200, 200, 200, 200, 200)",0.0001,300,"{'activation': 'logistic', 'alpha': 0.005, 'early_stopping': False, 'hidden_layer_sizes': (200, 200, 200, 200, 200), 'learning_rate_init': 0.0001, 'max_iter': 300}",0.49504950495049505,0.49504950495049505,0.4966887417218543,0.5033112582781457,0.5033112582781457,0.4986820536358271,0.0038268311572351773,195
70,3.711277723312378,1.2630434169960771,0.015301799774169922,0.0002267984400742111,logistic,0.005,False,"(200, 200, 200, 200, 200)",0.001,300,"{'activation': 'logistic', 'alpha': 0.005, 'early_stopping': False, 'hidden_layer_sizes': (200, 200, 200, 200, 200), 'learning_rate_init': 0.001, 'max_iter': 300}",0.49504950495049505,0.504950495049505,0.4966887417218543,0.4966887417218543,0.4966887417218543,0.4980132450331126,0.0035262478679710632,202
71,4.653159427642822,0.5906300161359974,0.015433263778686524,7.127310381549581e-05,logistic,0.005,False,"(200, 200, 200, 200, 200)",0.01,300,"{'activation': 'logistic', 'alpha': 0.005, 'early_stopping': False, 'hidden_layer_sizes': (200, 200, 200, 200, 200), 'learning_rate_init': 0.01, 'max_iter': 300}",0.504950495049505,0.504950495049505,0.5033112582781457,0.4966887417218543,0.4966887417218543,0.5013179463641728,0.003826831157235177,137
72,2.955058193206787,0.10482281696727104,0.028971147537231446,0.0006954578556641142,tanh,0.0001,True,"(500, 400, 300, 200, 100)",0.0001,300,"{'activation': 'tanh', 'alpha': 0.0001, 'early_stopping': True, 'hidden_layer_sizes': (500, 400, 300, 200, 100), 'learning_rate_init': 0.0001, 'max_iter': 300}",0.504950495049505,0.504950495049505,0.5033112582781457,0.5033112582781457,0.5033112582781457,0.5039669529866894,0.0008030587314874957,2
73,3.188917350769043,0.1565435429463376,0.030528831481933593,0.00036337946223468504,tanh,0.0001,True,"(500, 400, 300, 200, 100)",0.001,300,"{'activation': 'tanh', 'alpha': 0.0001, 'early_stopping': True, 'hidden_layer_sizes': (500, 400, 300, 200, 100), 'learning_rate_init': 0.001, 'max_iter': 300}",0.504950495049505,0.504950495049505,0.5033112582781457,0.5033112582781457,0.5033112582781457,0.5039669529866894,0.0008030587314874957,2
74,2.9294454574584963,0.16880884610122998,0.028289127349853515,0.003611567335200806,tanh,0.0001,True,"(500, 400, 300, 200, 100)",0.01,300,"{'activation': 'tanh', 'alpha': 0.0001, 'early_stopping': True, 'hidden_layer_sizes': (500, 400, 300, 200, 100), 'learning_rate_init': 0.01, 'max_iter': 300}",0.504950495049505,0.504950495049505,0.5033112582781457,0.5033112582781457,0.5033112582781457,0.5039669529866894,0.0008030587314874957,2
75,4.288300323486328,0.17261335820403095,0.0408940315246582,0.0006113518215110355,tanh,0.0001,True,"(400, 400, 400, 400, 400)",0.0001,300,"{'activation': 'tanh', 'alpha': 0.0001, 'early_stopping': True, 'hidden_layer_sizes': (400, 400, 400, 400, 400), 'learning_rate_init': 0.0001, 'max_iter': 300}",0.504950495049505,0.504950495049505,0.5033112582781457,0.5033112582781457,0.5033112582781457,0.5039669529866894,0.0008030587314874957,2
76,4.484216260910034,0.2752200952603606,0.04415163993835449,0.0023356590190282234,tanh,0.0001,True,"(400, 400, 400, 400, 400)",0.001,300,"{'activation': 'tanh', 'alpha': 0.0001, 'early_stopping': True, 'hidden_layer_sizes': (400, 400, 400, 400, 400), 'learning_rate_init': 0.001, 'max_iter': 300}",0.504950495049505,0.504950495049505,0.5033112582781457,0.5033112582781457,0.5033112582781457,0.5039669529866894,0.0008030587314874957,2
77,4.533891868591309,0.1888456551748313,0.046591329574584964,0.0010346810747867724,tanh,0.0001,True,"(400, 400, 400, 400, 400)",0.01,300,"{'activation': 'tanh', 'alpha': 0.0001, 'early_stopping': True, 'hidden_layer_sizes': (400, 400, 400, 400, 400), 'learning_rate_init': 0.01, 'max_iter': 300}",0.504950495049505,0.504950495049505,0.5033112582781457,0.5033112582781457,0.5033112582781457,0.5039669529866894,0.0008030587314874957,2
78,2.9573315143585206,0.015235620150680395,0.029637670516967772,0.00027536772437131683,tanh,0.0001,True,"(300, 300, 300, 300, 300)",0.0001,300,"{'activation': 'tanh', 'alpha': 0.0001, 'early_stopping': True, 'hidden_layer_sizes': (300, 300, 300, 300, 300), 'learning_rate_init': 0.0001, 'max_iter': 300}",0.504950495049505,0.504950495049505,0.5033112582781457,0.5033112582781457,0.5033112582781457,0.5039669529866894,0.0008030587314874957,2
79,2.972824048995972,0.1693953770252509,0.03142991065979004,0.00019604785007048278,tanh,0.0001,True,"(300, 300, 300, 300, 300)",0.001,300,"{'activation': 'tanh', 'alpha': 0.0001, 'early_stopping': True, 'hidden_layer_sizes': (300, 300, 300, 300, 300), 'learning_rate_init': 0.001, 'max_iter': 300}",0.504950495049505,0.504950495049505,0.5033112582781457,0.5033112582781457,0.5033112582781457,0.5039669529866894,0.0008030587314874957,2
80,3.0939959049224854,0.11015073220333546,0.03520350456237793,0.000843242939919824,tanh,0.0001,True,"(300, 300, 300, 300, 300)",0.01,300,"{'activation': 'tanh', 'alpha': 0.0001, 'early_stopping': True, 'hidden_layer_sizes': (300, 300, 300, 300, 300), 'learning_rate_init': 0.01, 'max_iter': 300}",0.504950495049505,0.504950495049505,0.5033112582781457,0.5033112582781457,0.5033112582781457,0.5039669529866894,0.0008030587314874957,2
81,1.62179536819458,0.03989171785323306,0.020396041870117187,0.001175910668166133,tanh,0.0001,True,"(200, 200, 200, 200, 200)",0.0001,300,"{'activation': 'tanh', 'alpha': 0.0001, 'early_stopping': True, 'hidden_layer_sizes': (200, 200, 200, 200, 200), 'learning_rate_init': 0.0001, 'max_iter': 300}",0.504950495049505,0.504950495049505,0.5033112582781457,0.5033112582781457,0.5033112582781457,0.5039669529866894,0.0008030587314874957,2
82,1.619849395751953,0.05823331611667936,0.020787382125854494,0.0006171164087137015,tanh,0.0001,True,"(200, 200, 200, 200, 200)",0.001,300,"{'activation': 'tanh', 'alpha': 0.0001, 'early_stopping': True, 'hidden_layer_sizes': (200, 200, 200, 200, 200), 'learning_rate_init': 0.001, 'max_iter': 300}",0.504950495049505,0.504950495049505,0.5033112582781457,0.5033112582781457,0.5033112582781457,0.5039669529866894,0.0008030587314874957,2
83,1.7596149921417237,0.1117622923603979,0.023019790649414062,0.00012202653248823317,tanh,0.0001,True,"(200, 200, 200, 200, 200)",0.01,300,"{'activation': 'tanh', 'alpha': 0.0001, 'early_stopping': True, 'hidden_layer_sizes': (200, 200, 200, 200, 200), 'learning_rate_init': 0.01, 'max_iter': 300}",0.504950495049505,0.504950495049505,0.5033112582781457,0.5033112582781457,0.5033112582781457,0.5039669529866894,0.0008030587314874957,2
84,7.112290525436402,2.565040826496511,0.029309558868408202,0.00021999766881969747,tanh,0.0001,False,"(500, 400, 300, 200, 100)",0.0001,300,"{'activation': 'tanh', 'alpha': 0.0001, 'early_stopping': False, 'hidden_layer_sizes': (500, 400, 300, 200, 100), 'learning_rate_init': 0.0001, 'max_iter': 300}",0.49504950495049505,0.504950495049505,0.5033112582781457,0.5033112582781457,0.4966887417218543,0.5006622516556292,0.003992873911036861,145
85,7.698691415786743,3.976331370226728,0.03194899559020996,0.0009006414535232591,tanh,0.0001,False,"(500, 400, 300, 200, 100)",0.001,300,"{'activation': 'tanh', 'alpha': 0.0001, 'early_stopping': False, 'hidden_layer_sizes': (500, 400, 300, 200, 100), 'learning_rate_init': 0.001, 'max_iter': 300}",0.49504950495049505,0.49504950495049505,0.5033112582781457,0.5033112582781457,0.5033112582781457,0.5000065569470854,0.0040474160066970195,167
86,4.842355966567993,0.6099320474050892,0.03130526542663574,0.0012842833067310331,tanh,0.0001,False,"(500, 400, 300, 200, 100)",0.01,300,"{'activation': 'tanh', 'alpha': 0.0001, 'early_stopping': False, 'hidden_layer_sizes': (500, 400, 300, 200, 100), 'learning_rate_init': 0.01, 'max_iter': 300}",0.49504950495049505,0.504950495049505,0.4966887417218543,0.5033112582781457,0.4966887417218543,0.4993377483443709,0.003992873911036861,176
87,8.530756425857543,3.4180700640268804,0.04153761863708496,0.001825694503710772,tanh,0.0001,False,"(400, 400, 400, 400, 400)",0.0001,300,"{'activation': 'tanh', 'alpha': 0.0001, 'early_stopping': False, 'hidden_layer_sizes': (400, 400, 400, 400, 400), 'learning_rate_init': 0.0001, 'max_iter': 300}",0.504950495049505,0.504950495049505,0.4966887417218543,0.5033112582781457,0.5033112582781457,0.5026424496754311,0.003065791747271213,112
88,9.17419629096985,1.5552512551265896,0.0454315185546875,0.00037498944042866484,tanh,0.0001,False,"(400, 400, 400, 400, 400)",0.001,300,"{'activation': 'tanh', 'alpha': 0.0001, 'early_stopping': False, 'hidden_layer_sizes': (400, 400, 400, 400, 400), 'learning_rate_init': 0.001, 'max_iter': 300}",0.504950495049505,0.49504950495049505,0.4966887417218543,0.4966887417218543,0.4966887417218543,0.4980132450331126,0.0035262478679710632,202
89,7.846100997924805,1.0572193434633486,0.04725174903869629,0.0022466764485047476,tanh,0.0001,False,"(400, 400, 400, 400, 400)",0.01,300,"{'activation': 'tanh', 'alpha': 0.0001, 'early_stopping': False, 'hidden_layer_sizes': (400, 400, 400, 400, 400), 'learning_rate_init': 0.01, 'max_iter': 300}",0.49504950495049505,0.504950495049505,0.4966887417218543,0.4966887417218543,0.5033112582781457,0.4993377483443709,0.003992873911036861,176
90,5.51795597076416,1.6278667027234168,0.030208921432495116,0.00046818840067217054,tanh,0.0001,False,"(300, 300, 300, 300, 300)",0.0001,300,"{'activation': 'tanh', 'alpha': 0.0001, 'early_stopping': False, 'hidden_layer_sizes': (300, 300, 300, 300, 300), 'learning_rate_init': 0.0001, 'max_iter': 300}",0.49504950495049505,0.49504950495049505,0.5033112582781457,0.5033112582781457,0.4966887417218543,0.4986820536358271,0.0038268311572351773,195
91,6.7757524967193605,1.580600069754089,0.03292994499206543,0.00038076548539522535,tanh,0.0001,False,"(300, 300, 300, 300, 300)",0.001,300,"{'activation': 'tanh', 'alpha': 0.0001, 'early_stopping': False, 'hidden_layer_sizes': (300, 300, 300, 300, 300), 'learning_rate_init': 0.001, 'max_iter': 300}",0.49504950495049505,0.504950495049505,0.5033112582781457,0.5033112582781457,0.4966887417218543,0.5006622516556292,0.003992873911036861,145
92,6.284898853302002,1.3645043450366272,0.03649754524230957,0.0031251032688704877,tanh,0.0001,False,"(300, 300, 300, 300, 300)",0.01,300,"{'activation': 'tanh', 'alpha': 0.0001, 'early_stopping': False, 'hidden_layer_sizes': (300, 300, 300, 300, 300), 'learning_rate_init': 0.01, 'max_iter': 300}",0.504950495049505,0.504950495049505,0.4966887417218543,0.5033112582781457,0.5033112582781457,0.5026424496754311,0.003065791747271213,112
93,3.0331215858459473,0.6850203300455965,0.019917058944702148,0.0001642861033493626,tanh,0.0001,False,"(200, 200, 200, 200, 200)",0.0001,300,"{'activation': 'tanh', 'alpha': 0.0001, 'early_stopping': False, 'hidden_layer_sizes': (200, 200, 200, 200, 200), 'learning_rate_init': 0.0001, 'max_iter': 300}",0.49504950495049505,0.504950495049505,0.5033112582781457,0.5033112582781457,0.5033112582781457,0.5019867549668874,0.0035262478679710632,127
94,3.7451196193695067,0.9326176889032699,0.022919511795043944,0.0015976097459004727,tanh,0.0001,False,"(200, 200, 200, 200, 200)",0.001,300,"{'activation': 'tanh', 'alpha': 0.0001, 'early_stopping': False, 'hidden_layer_sizes': (200, 200, 200, 200, 200), 'learning_rate_init': 0.001, 'max_iter': 300}",0.49504950495049505,0.49504950495049505,0.4966887417218543,0.4966887417218543,0.4966887417218543,0.49603304701331064,0.0008030587314874957,213
95,4.974506044387818,2.094166678184172,0.02602992057800293,0.004661385013244547,tanh,0.0001,False,"(200, 200, 200, 200, 200)",0.01,300,"{'activation': 'tanh', 'alpha': 0.0001, 'early_stopping': False, 'hidden_layer_sizes': (200, 200, 200, 200, 200), 'learning_rate_init': 0.01, 'max_iter': 300}",0.49504950495049505,0.504950495049505,0.4966887417218543,0.4966887417218543,0.4966887417218543,0.4980132450331126,0.0035262478679710632,202
96,4.078004932403564,0.6865985505768899,0.04107217788696289,0.01325302774747062,tanh,0.001,True,"(500, 400, 300, 200, 100)",0.0001,300,"{'activation': 'tanh', 'alpha': 0.001, 'early_stopping': True, 'hidden_layer_sizes': (500, 400, 300, 200, 100), 'learning_rate_init': 0.0001, 'max_iter': 300}",0.504950495049505,0.504950495049505,0.5033112582781457,0.5033112582781457,0.5033112582781457,0.5039669529866894,0.0008030587314874957,2
97,4.502999687194825,0.6557262096799336,0.04742984771728516,0.016919130639167345,tanh,0.001,True,"(500, 400, 300, 200, 100)",0.001,300,"{'activation': 'tanh', 'alpha': 0.001, 'early_stopping': True, 'hidden_layer_sizes': (500, 400, 300, 200, 100), 'learning_rate_init': 0.001, 'max_iter': 300}",0.504950495049505,0.504950495049505,0.5033112582781457,0.5033112582781457,0.5033112582781457,0.5039669529866894,0.0008030587314874957,2
98,4.260751628875733,0.6327695393157011,0.05139608383178711,0.02139994754947621,tanh,0.001,True,"(500, 400, 300, 200, 100)",0.01,300,"{'activation': 'tanh', 'alpha': 0.001, 'early_stopping': True, 'hidden_layer_sizes': (500, 400, 300, 200, 100), 'learning_rate_init': 0.01, 'max_iter': 300}",0.504950495049505,0.504950495049505,0.5033112582781457,0.5033112582781457,0.5033112582781457,0.5039669529866894,0.0008030587314874957,2
99,4.966941452026367,0.8135377201814356,0.040179777145385745,0.0002809210916458145,tanh,0.001,True,"(400, 400, 400, 400, 400)",0.0001,300,"{'activation': 'tanh', 'alpha': 0.001, 'early_stopping': True, 'hidden_layer_sizes': (400, 400, 400, 400, 400), 'learning_rate_init': 0.0001, 'max_iter': 300}",0.504950495049505,0.504950495049505,0.5033112582781457,0.5033112582781457,0.5033112582781457,0.5039669529866894,0.0008030587314874957,2
100,6.446400928497314,0.8524477211339053,0.0505007266998291,0.01204665164829854,tanh,0.001,True,"(400, 400, 400, 400, 400)",0.001,300,"{'activation': 'tanh', 'alpha': 0.001, 'early_stopping': True, 'hidden_layer_sizes': (400, 400, 400, 400, 400), 'learning_rate_init': 0.001, 'max_iter': 300}",0.504950495049505,0.504950495049505,0.5033112582781457,0.5033112582781457,0.5033112582781457,0.5039669529866894,0.0008030587314874957,2
101,6.046803379058838,0.9378800441238916,0.05460968017578125,0.014743352387880588,tanh,0.001,True,"(400, 400, 400, 400, 400)",0.01,300,"{'activation': 'tanh', 'alpha': 0.001, 'early_stopping': True, 'hidden_layer_sizes': (400, 400, 400, 400, 400), 'learning_rate_init': 0.01, 'max_iter': 300}",0.504950495049505,0.504950495049505,0.5033112582781457,0.5033112582781457,0.5033112582781457,0.5039669529866894,0.0008030587314874957,2
102,3.1588212490081786,0.19871619802650364,0.03151993751525879,0.0035317328921656435,tanh,0.001,True,"(300, 300, 300, 300, 300)",0.0001,300,"{'activation': 'tanh', 'alpha': 0.001, 'early_stopping': True, 'hidden_layer_sizes': (300, 300, 300, 300, 300), 'learning_rate_init': 0.0001, 'max_iter': 300}",0.504950495049505,0.504950495049505,0.5033112582781457,0.5033112582781457,0.5033112582781457,0.5039669529866894,0.0008030587314874957,2
103,3.8403961658477783,1.0054259846684808,0.0366978645324707,0.010617631840096542,tanh,0.001,True,"(300, 300, 300, 300, 300)",0.001,300,"{'activation': 'tanh', 'alpha': 0.001, 'early_stopping': True, 'hidden_layer_sizes': (300, 300, 300, 300, 300), 'learning_rate_init': 0.001, 'max_iter': 300}",0.504950495049505,0.504950495049505,0.5033112582781457,0.5033112582781457,0.5033112582781457,0.5039669529866894,0.0008030587314874957,2
104,3.2554410457611085,0.29401145966561054,0.03589468002319336,0.0027044387308814005,tanh,0.001,True,"(300, 300, 300, 300, 300)",0.01,300,"{'activation': 'tanh', 'alpha': 0.001, 'early_stopping': True, 'hidden_layer_sizes': (300, 300, 300, 300, 300), 'learning_rate_init': 0.01, 'max_iter': 300}",0.504950495049505,0.504950495049505,0.5033112582781457,0.5033112582781457,0.5033112582781457,0.5039669529866894,0.0008030587314874957,2
105,1.714155340194702,0.1084240387023803,0.019922733306884766,0.00011771389490678813,tanh,0.001,True,"(200, 200, 200, 200, 200)",0.0001,300,"{'activation': 'tanh', 'alpha': 0.001, 'early_stopping': True, 'hidden_layer_sizes': (200, 200, 200, 200, 200), 'learning_rate_init': 0.0001, 'max_iter': 300}",0.504950495049505,0.504950495049505,0.5033112582781457,0.5033112582781457,0.5033112582781457,0.5039669529866894,0.0008030587314874957,2
106,1.6639579296112061,0.1103573524699334,0.024737215042114256,0.008142717846786043,tanh,0.001,True,"(200, 200, 200, 200, 200)",0.001,300,"{'activation': 'tanh', 'alpha': 0.001, 'early_stopping': True, 'hidden_layer_sizes': (200, 200, 200, 200, 200), 'learning_rate_init': 0.001, 'max_iter': 300}",0.504950495049505,0.504950495049505,0.5033112582781457,0.5033112582781457,0.5033112582781457,0.5039669529866894,0.0008030587314874957,2
107,1.9335304737091064,0.16796959847499748,0.024544811248779295,0.0025353172188636547,tanh,0.001,True,"(200, 200, 200, 200, 200)",0.01,300,"{'activation': 'tanh', 'alpha': 0.001, 'early_stopping': True, 'hidden_layer_sizes': (200, 200, 200, 200, 200), 'learning_rate_init': 0.01, 'max_iter': 300}",0.504950495049505,0.504950495049505,0.5033112582781457,0.5033112582781457,0.5033112582781457,0.5039669529866894,0.0008030587314874957,2
108,5.971957015991211,1.1369343753072259,0.03067636489868164,0.0029693445069761655,tanh,0.001,False,"(500, 400, 300, 200, 100)",0.0001,300,"{'activation': 'tanh', 'alpha': 0.001, 'early_stopping': False, 'hidden_layer_sizes': (500, 400, 300, 200, 100), 'learning_rate_init': 0.0001, 'max_iter': 300}",0.504950495049505,0.504950495049505,0.4966887417218543,0.5033112582781457,0.4966887417218543,0.5013179463641728,0.003826831157235177,137
109,5.831821346282959,1.1139093182982431,0.031387710571289064,0.0003362489364611227,tanh,0.001,False,"(500, 400, 300, 200, 100)",0.001,300,"{'activation': 'tanh', 'alpha': 0.001, 'early_stopping': False, 'hidden_layer_sizes': (500, 400, 300, 200, 100), 'learning_rate_init': 0.001, 'max_iter': 300}",0.49504950495049505,0.504950495049505,0.4966887417218543,0.5033112582781457,0.4966887417218543,0.4993377483443709,0.003992873911036861,176
110,5.585750436782837,2.1097395827841683,0.031008148193359376,0.0010342266610352691,tanh,0.001,False,"(500, 400, 300, 200, 100)",0.01,300,"{'activation': 'tanh', 'alpha': 0.001, 'early_stopping': False, 'hidden_layer_sizes': (500, 400, 300, 200, 100), 'learning_rate_init': 0.01, 'max_iter': 300}",0.504950495049505,0.49504950495049505,0.4966887417218543,0.4966887417218543,0.4966887417218543,0.4980132450331126,0.0035262478679710632,202
111,7.7502197265625,2.588215502017481,0.04057316780090332,0.0003084521106991552,tanh,0.001,False,"(400, 400, 400, 400, 400)",0.0001,300,"{'activation': 'tanh', 'alpha': 0.001, 'early_stopping': False, 'hidden_layer_sizes': (400, 400, 400, 400, 400), 'learning_rate_init': 0.0001, 'max_iter': 300}",0.504950495049505,0.49504950495049505,0.4966887417218543,0.4966887417218543,0.5033112582781457,0.4993377483443709,0.003992873911036861,176
112,10.192158603668213,2.1054298765694006,0.0462071418762207,0.0010481864780607282,tanh,0.001,False,"(400, 400, 400, 400, 400)",0.001,300,"{'activation': 'tanh', 'alpha': 0.001, 'early_stopping': False, 'hidden_layer_sizes': (400, 400, 400, 400, 400), 'learning_rate_init': 0.001, 'max_iter': 300}",0.49504950495049505,0.504950495049505,0.4966887417218543,0.4966887417218543,0.4966887417218543,0.4980132450331126,0.0035262478679710632,202
113,9.235758638381958,1.2239705351898365,0.04381084442138672,0.0017116390305772949,tanh,0.001,False,"(400, 400, 400, 400, 400)",0.01,300,"{'activation': 'tanh', 'alpha': 0.001, 'early_stopping': False, 'hidden_layer_sizes': (400, 400, 400, 400, 400), 'learning_rate_init': 0.01, 'max_iter': 300}",0.49504950495049505,0.504950495049505,0.5033112582781457,0.4966887417218543,0.4966887417218543,0.4993377483443709,0.003992873911036861,176
114,5.392294549942017,2.083403050672263,0.03609027862548828,0.012640477249949591,tanh,0.001,False,"(300, 300, 300, 300, 300)",0.0001,300,"{'activation': 'tanh', 'alpha': 0.001, 'early_stopping': False, 'hidden_layer_sizes': (300, 300, 300, 300, 300), 'learning_rate_init': 0.0001, 'max_iter': 300}",0.504950495049505,0.504950495049505,0.4966887417218543,0.4966887417218543,0.5033112582781457,0.5013179463641728,0.003826831157235177,137
115,6.684219694137573,1.270711594285059,0.03256034851074219,0.00011134193591854197,tanh,0.001,False,"(300, 300, 300, 300, 300)",0.001,300,"{'activation': 'tanh', 'alpha': 0.001, 'early_stopping': False, 'hidden_layer_sizes': (300, 300, 300, 300, 300), 'learning_rate_init': 0.001, 'max_iter': 300}",0.504950495049505,0.49504950495049505,0.5033112582781457,0.4966887417218543,0.4966887417218543,0.4993377483443709,0.003992873911036861,176
116,4.995988178253174,0.5112457363923091,0.03446497917175293,0.0004936517243196895,tanh,0.001,False,"(300, 300, 300, 300, 300)",0.01,300,"{'activation': 'tanh', 'alpha': 0.001, 'early_stopping': False, 'hidden_layer_sizes': (300, 300, 300, 300, 300), 'learning_rate_init': 0.01, 'max_iter': 300}",0.504950495049505,0.504950495049505,0.4966887417218543,0.4966887417218543,0.4966887417218543,0.4999934430529146,0.0040474160066970195,172
117,2.9701000690460204,0.8870479868808981,0.02021188735961914,0.00024949282107284245,tanh,0.001,False,"(200, 200, 200, 200, 200)",0.0001,300,"{'activation': 'tanh', 'alpha': 0.001, 'early_stopping': False, 'hidden_layer_sizes': (200, 200, 200, 200, 200), 'learning_rate_init': 0.0001, 'max_iter': 300}",0.49504950495049505,0.504950495049505,0.5033112582781457,0.4966887417218543,0.5033112582781457,0.5006622516556292,0.003992873911036861,145
118,2.692473840713501,0.3546776266729749,0.021404409408569337,0.0002066566583844604,tanh,0.001,False,"(200, 200, 200, 200, 200)",0.001,300,"{'activation': 'tanh', 'alpha': 0.001, 'early_stopping': False, 'hidden_layer_sizes': (200, 200, 200, 200, 200), 'learning_rate_init': 0.001, 'max_iter': 300}",0.504950495049505,0.49504950495049505,0.5033112582781457,0.4966887417218543,0.5033112582781457,0.5006622516556292,0.003992873911036861,145
119,3.20312876701355,0.7170734127570688,0.023099231719970702,0.0001850420274976917,tanh,0.001,False,"(200, 200, 200, 200, 200)",0.01,300,"{'activation': 'tanh', 'alpha': 0.001, 'early_stopping': False, 'hidden_layer_sizes': (200, 200, 200, 200, 200), 'learning_rate_init': 0.01, 'max_iter': 300}",0.49504950495049505,0.504950495049505,0.5033112582781457,0.5033112582781457,0.5033112582781457,0.5019867549668874,0.0035262478679710632,127
120,3.197965669631958,0.24592464114879786,0.028702831268310545,0.0004156498893239333,tanh,0.005,True,"(500, 400, 300, 200, 100)",0.0001,300,"{'activation': 'tanh', 'alpha': 0.005, 'early_stopping': True, 'hidden_layer_sizes': (500, 400, 300, 200, 100), 'learning_rate_init': 0.0001, 'max_iter': 300}",0.504950495049505,0.504950495049505,0.5033112582781457,0.5033112582781457,0.5033112582781457,0.5039669529866894,0.0008030587314874957,2
121,3.1196754932403565,0.18126153925655583,0.0335637092590332,0.002941797563900724,tanh,0.005,True,"(500, 400, 300, 200, 100)",0.001,300,"{'activation': 'tanh', 'alpha': 0.005, 'early_stopping': True, 'hidden_layer_sizes': (500, 400, 300, 200, 100), 'learning_rate_init': 0.001, 'max_iter': 300}",0.504950495049505,0.504950495049505,0.5033112582781457,0.5033112582781457,0.5033112582781457,0.5039669529866894,0.0008030587314874957,2
122,3.135202693939209,0.20646053566166556,0.031749391555786134,0.0005189522567190927,tanh,0.005,True,"(500, 400, 300, 200, 100)",0.01,300,"{'activation': 'tanh', 'alpha': 0.005, 'early_stopping': True, 'hidden_layer_sizes': (500, 400, 300, 200, 100), 'learning_rate_init': 0.01, 'max_iter': 300}",0.504950495049505,0.504950495049505,0.5033112582781457,0.5033112582781457,0.5033112582781457,0.5039669529866894,0.0008030587314874957,2
123,4.29641695022583,0.13313460233654462,0.043262815475463866,0.005506754082746099,tanh,0.005,True,"(400, 400, 400, 400, 400)",0.0001,300,"{'activation': 'tanh', 'alpha': 0.005, 'early_stopping': True, 'hidden_layer_sizes': (400, 400, 400, 400, 400), 'learning_rate_init': 0.0001, 'max_iter': 300}",0.504950495049505,0.504950495049505,0.5033112582781457,0.5033112582781457,0.5033112582781457,0.5039669529866894,0.0008030587314874957,2
124,5.1236389636993405,0.015139680991697994,0.045163536071777345,0.0019126446131584568,tanh,0.005,True,"(400, 400, 400, 400, 400)",0.001,300,"{'activation': 'tanh', 'alpha': 0.005, 'early_stopping': True, 'hidden_layer_sizes': (400, 400, 400, 400, 400), 'learning_rate_init': 0.001, 'max_iter': 300}",0.504950495049505,0.504950495049505,0.5033112582781457,0.5033112582781457,0.5033112582781457,0.5039669529866894,0.0008030587314874957,2
125,4.480446434020996,0.029135286213322197,0.047685432434082034,0.0017102038221619266,tanh,0.005,True,"(400, 400, 400, 400, 400)",0.01,300,"{'activation': 'tanh', 'alpha': 0.005, 'early_stopping': True, 'hidden_layer_sizes': (400, 400, 400, 400, 400), 'learning_rate_init': 0.01, 'max_iter': 300}",0.504950495049505,0.504950495049505,0.5033112582781457,0.5033112582781457,0.5033112582781457,0.5039669529866894,0.0008030587314874957,2
126,2.9364312171936033,0.155372053543949,0.030212211608886718,0.000939166359374052,tanh,0.005,True,"(300, 300, 300, 300, 300)",0.0001,300,"{'activation': 'tanh', 'alpha': 0.005, 'early_stopping': True, 'hidden_layer_sizes': (300, 300, 300, 300, 300), 'learning_rate_init': 0.0001, 'max_iter': 300}",0.504950495049505,0.504950495049505,0.5033112582781457,0.5033112582781457,0.5033112582781457,0.5039669529866894,0.0008030587314874957,2
127,2.8639995574951174,0.04668401272108074,0.031746530532836915,0.0014277536877909695,tanh,0.005,True,"(300, 300, 300, 300, 300)",0.001,300,"{'activation': 'tanh', 'alpha': 0.005, 'early_stopping': True, 'hidden_layer_sizes': (300, 300, 300, 300, 300), 'learning_rate_init': 0.001, 'max_iter': 300}",0.504950495049505,0.504950495049505,0.5033112582781457,0.5033112582781457,0.5033112582781457,0.5039669529866894,0.0008030587314874957,2
128,3.6336196422576905,0.8139100352878713,0.03438148498535156,0.0008337978229742231,tanh,0.005,True,"(300, 300, 300, 300, 300)",0.01,300,"{'activation': 'tanh', 'alpha': 0.005, 'early_stopping': True, 'hidden_layer_sizes': (300, 300, 300, 300, 300), 'learning_rate_init': 0.01, 'max_iter': 300}",0.504950495049505,0.49834983498349833,0.5033112582781457,0.5033112582781457,0.5033112582781457,0.502646820973488,0.0022403318344451782,111
129,1.6120326519012451,0.06657237966877112,0.020150232315063476,0.0006524362364459457,tanh,0.005,True,"(200, 200, 200, 200, 200)",0.0001,300,"{'activation': 'tanh', 'alpha': 0.005, 'early_stopping': True, 'hidden_layer_sizes': (200, 200, 200, 200, 200), 'learning_rate_init': 0.0001, 'max_iter': 300}",0.504950495049505,0.504950495049505,0.5033112582781457,0.5033112582781457,0.5033112582781457,0.5039669529866894,0.0008030587314874957,2
130,2.0095885753631593,0.47589502134041783,0.021692419052124025,0.0015129024595770305,tanh,0.005,True,"(200, 200, 200, 200, 200)",0.001,300,"{'activation': 'tanh', 'alpha': 0.005, 'early_stopping': True, 'hidden_layer_sizes': (200, 200, 200, 200, 200), 'learning_rate_init': 0.001, 'max_iter': 300}",0.504950495049505,0.504950495049505,0.5033112582781457,0.5364238410596026,0.5033112582781457,0.5105894695429807,0.012937971531628345,1
131,1.7093742847442628,0.04898678998531998,0.023126554489135743,0.0003431864110108944,tanh,0.005,True,"(200, 200, 200, 200, 200)",0.01,300,"{'activation': 'tanh', 'alpha': 0.005, 'early_stopping': True, 'hidden_layer_sizes': (200, 200, 200, 200, 200), 'learning_rate_init': 0.01, 'max_iter': 300}",0.504950495049505,0.504950495049505,0.5033112582781457,0.5033112582781457,0.5033112582781457,0.5039669529866894,0.0008030587314874957,2
132,6.927574157714844,2.4394349390285988,0.030451297760009766,0.0026578788094943732,tanh,0.005,False,"(500, 400, 300, 200, 100)",0.0001,300,"{'activation': 'tanh', 'alpha': 0.005, 'early_stopping': False, 'hidden_layer_sizes': (500, 400, 300, 200, 100), 'learning_rate_init': 0.0001, 'max_iter': 300}",0.504950495049505,0.504950495049505,0.5033112582781457,0.5033112582781457,0.5033112582781457,0.5039669529866894,0.0008030587314874957,2
133,7.632102012634277,2.4582548292263806,0.03261675834655762,0.0019528801026887093,tanh,0.005,False,"(500, 400, 300, 200, 100)",0.001,300,"{'activation': 'tanh', 'alpha': 0.005, 'early_stopping': False, 'hidden_layer_sizes': (500, 400, 300, 200, 100), 'learning_rate_init': 0.001, 'max_iter': 300}",0.504950495049505,0.49504950495049505,0.4966887417218543,0.5033112582781457,0.4966887417218543,0.4993377483443709,0.003992873911036861,176
134,6.896912240982056,1.8549219521073341,0.030863523483276367,0.0012606055940861279,tanh,0.005,False,"(500, 400, 300, 200, 100)",0.01,300,"{'activation': 'tanh', 'alpha': 0.005, 'early_stopping': False, 'hidden_layer_sizes': (500, 400, 300, 200, 100), 'learning_rate_init': 0.01, 'max_iter': 300}",0.49504950495049505,0.49504950495049505,0.5033112582781457,0.5033112582781457,0.5033112582781457,0.5000065569470854,0.0040474160066970195,167
135,7.59104642868042,0.8671093200040947,0.040560674667358396,0.00023496827266294607,tanh,0.005,False,"(400, 400, 400, 400, 400)",0.0001,300,"{'activation': 'tanh', 'alpha': 0.005, 'early_stopping': False, 'hidden_layer_sizes': (400, 400, 400, 400, 400), 'learning_rate_init': 0.0001, 'max_iter': 300}",0.504950495049505,0.49504950495049505,0.5033112582781457,0.5033112582781457,0.5033112582781457,0.5019867549668874,0.0035262478679710632,127
136,11.826055431365967,2.1837992482581567,0.045524883270263675,0.0010534164655762303,tanh,0.005,False,"(400, 400, 400, 400, 400)",0.001,300,"{'activation': 'tanh', 'alpha': 0.005, 'early_stopping': False, 'hidden_layer_sizes': (400, 400, 400, 400, 400), 'learning_rate_init': 0.001, 'max_iter': 300}",0.49504950495049505,0.49504950495049505,0.4966887417218543,0.5033112582781457,0.5033112582781457,0.4986820536358271,0.0038268311572351773,195
137,12.146887302398682,3.7698053111340593,0.04535179138183594,0.00077073385518557,tanh,0.005,False,"(400, 400, 400, 400, 400)",0.01,300,"{'activation': 'tanh', 'alpha': 0.005, 'early_stopping': False, 'hidden_layer_sizes': (400, 400, 400, 400, 400), 'learning_rate_init': 0.01, 'max_iter': 300}",0.49504950495049505,0.49504950495049505,0.5033112582781457,0.5033112582781457,0.5033112582781457,0.5000065569470854,0.0040474160066970195,167
138,4.887263298034668,1.7290838676748825,0.030435800552368164,0.0018700885371719584,tanh,0.005,False,"(300, 300, 300, 300, 300)",0.0001,300,"{'activation': 'tanh', 'alpha': 0.005, 'early_stopping': False, 'hidden_layer_sizes': (300, 300, 300, 300, 300), 'learning_rate_init': 0.0001, 'max_iter': 300}",0.504950495049505,0.504950495049505,0.5033112582781457,0.5033112582781457,0.5033112582781457,0.5039669529866894,0.0008030587314874957,2
139,6.899132108688354,2.575537263938326,0.033493423461914064,0.0014543633820233448,tanh,0.005,False,"(300, 300, 300, 300, 300)",0.001,300,"{'activation': 'tanh', 'alpha': 0.005, 'early_stopping': False, 'hidden_layer_sizes': (300, 300, 300, 300, 300), 'learning_rate_init': 0.001, 'max_iter': 300}",0.49504950495049505,0.504950495049505,0.5033112582781457,0.5033112582781457,0.5033112582781457,0.5019867549668874,0.0035262478679710632,127
140,6.4699677467346195,0.9223760359197392,0.03635416030883789,0.002690993190302912,tanh,0.005,False,"(300, 300, 300, 300, 300)",0.01,300,"{'activation': 'tanh', 'alpha': 0.005, 'early_stopping': False, 'hidden_layer_sizes': (300, 300, 300, 300, 300), 'learning_rate_init': 0.01, 'max_iter': 300}",0.504950495049505,0.49504950495049505,0.5033112582781457,0.5033112582781457,0.4966887417218543,0.5006622516556292,0.003992873911036861,145
141,2.531556749343872,0.4548803913417521,0.020808649063110352,0.0016506168606465594,tanh,0.005,False,"(200, 200, 200, 200, 200)",0.0001,300,"{'activation': 'tanh', 'alpha': 0.005, 'early_stopping': False, 'hidden_layer_sizes': (200, 200, 200, 200, 200), 'learning_rate_init': 0.0001, 'max_iter': 300}",0.49504950495049505,0.49504950495049505,0.5033112582781457,0.5033112582781457,0.5033112582781457,0.5000065569470854,0.0040474160066970195,167
142,3.3640309810638427,1.1438695720340633,0.021616458892822266,0.00019738915921484066,tanh,0.005,False,"(200, 200, 200, 200, 200)",0.001,300,"{'activation': 'tanh', 'alpha': 0.005, 'early_stopping': False, 'hidden_layer_sizes': (200, 200, 200, 200, 200), 'learning_rate_init': 0.001, 'max_iter': 300}",0.504950495049505,0.49504950495049505,0.4966887417218543,0.5033112582781457,0.4966887417218543,0.4993377483443709,0.003992873911036861,176
143,2.4154004096984862,0.3588467532048506,0.023363447189331053,0.00034933252930424913,tanh,0.005,False,"(200, 200, 200, 200, 200)",0.01,300,"{'activation': 'tanh', 'alpha': 0.005, 'early_stopping': False, 'hidden_layer_sizes': (200, 200, 200, 200, 200), 'learning_rate_init': 0.01, 'max_iter': 300}",0.504950495049505,0.504950495049505,0.4966887417218543,0.4966887417218543,0.4966887417218543,0.4999934430529146,0.0040474160066970195,172
144,2.058429002761841,0.010648938721528653,0.011189985275268554,0.00023096563553370468,relu,0.0001,True,"(500, 400, 300, 200, 100)",0.0001,300,"{'activation': 'relu', 'alpha': 0.0001, 'early_stopping': True, 'hidden_layer_sizes': (500, 400, 300, 200, 100), 'learning_rate_init': 0.0001, 'max_iter': 300}",0.504950495049505,0.504950495049505,0.5033112582781457,0.5033112582781457,0.5033112582781457,0.5039669529866894,0.0008030587314874957,2
145,2.396328592300415,0.18393569831685153,0.011138820648193359,2.6787300860375583e-05,relu,0.0001,True,"(500, 400, 300, 200, 100)",0.001,300,"{'activation': 'relu', 'alpha': 0.0001, 'early_stopping': True, 'hidden_layer_sizes': (500, 400, 300, 200, 100), 'learning_rate_init': 0.001, 'max_iter': 300}",0.504950495049505,0.504950495049505,0.5033112582781457,0.5033112582781457,0.5033112582781457,0.5039669529866894,0.0008030587314874957,2
146,2.3485381603240967,0.3061079516104652,0.012931394577026366,0.0022823134233660195,relu,0.0001,True,"(500, 400, 300, 200, 100)",0.01,300,"{'activation': 'relu', 'alpha': 0.0001, 'early_stopping': True, 'hidden_layer_sizes': (500, 400, 300, 200, 100), 'learning_rate_init': 0.01, 'max_iter': 300}",0.504950495049505,0.504950495049505,0.5033112582781457,0.5033112582781457,0.5033112582781457,0.5039669529866894,0.0008030587314874957,2
147,3.2408931255340576,0.2627719410362194,0.014180850982666016,0.00013271307595722444,relu,0.0001,True,"(400, 400, 400, 400, 400)",0.0001,300,"{'activation': 'relu', 'alpha': 0.0001, 'early_stopping': True, 'hidden_layer_sizes': (400, 400, 400, 400, 400), 'learning_rate_init': 0.0001, 'max_iter': 300}",0.504950495049505,0.504950495049505,0.5033112582781457,0.5033112582781457,0.5033112582781457,0.5039669529866894,0.0008030587314874957,2
148,3.2152162075042723,0.18638375847668845,0.014292144775390625,7.145633525198394e-05,relu,0.0001,True,"(400, 400, 400, 400, 400)",0.001,300,"{'activation': 'relu', 'alpha': 0.0001, 'early_stopping': True, 'hidden_layer_sizes': (400, 400, 400, 400, 400), 'learning_rate_init': 0.001, 'max_iter': 300}",0.504950495049505,0.504950495049505,0.5033112582781457,0.5033112582781457,0.5033112582781457,0.5039669529866894,0.0008030587314874957,2
149,3.3349281311035157,0.24416409436877187,0.015029668807983398,0.0011249374840824283,relu,0.0001,True,"(400, 400, 400, 400, 400)",0.01,300,"{'activation': 'relu', 'alpha': 0.0001, 'early_stopping': True, 'hidden_layer_sizes': (400, 400, 400, 400, 400), 'learning_rate_init': 0.01, 'max_iter': 300}",0.504950495049505,0.504950495049505,0.5033112582781457,0.5033112582781457,0.5033112582781457,0.5039669529866894,0.0008030587314874957,2
150,1.9837088584899902,0.17484010285792884,0.011772632598876953,0.002655950542642354,relu,0.0001,True,"(300, 300, 300, 300, 300)",0.0001,300,"{'activation': 'relu', 'alpha': 0.0001, 'early_stopping': True, 'hidden_layer_sizes': (300, 300, 300, 300, 300), 'learning_rate_init': 0.0001, 'max_iter': 300}",0.504950495049505,0.504950495049505,0.5033112582781457,0.5033112582781457,0.5033112582781457,0.5039669529866894,0.0008030587314874957,2
151,1.956422758102417,0.10319228916415091,0.010530519485473632,0.00014197720488018026,relu,0.0001,True,"(300, 300, 300, 300, 300)",0.001,300,"{'activation': 'relu', 'alpha': 0.0001, 'early_stopping': True, 'hidden_layer_sizes': (300, 300, 300, 300, 300), 'learning_rate_init': 0.001, 'max_iter': 300}",0.504950495049505,0.504950495049505,0.5033112582781457,0.5033112582781457,0.5033112582781457,0.5039669529866894,0.0008030587314874957,2
152,2.146051359176636,0.4653430049077311,0.010494565963745118,8.16679656515762e-05,relu,0.0001,True,"(300, 300, 300, 300, 300)",0.01,300,"{'activation': 'relu', 'alpha': 0.0001, 'early_stopping': True, 'hidden_layer_sizes': (300, 300, 300, 300, 300), 'learning_rate_init': 0.01, 'max_iter': 300}",0.504950495049505,0.504950495049505,0.5033112582781457,0.5033112582781457,0.5033112582781457,0.5039669529866894,0.0008030587314874957,2
153,1.0004835605621338,0.09239845616019865,0.007335948944091797,4.347526016947999e-05,relu,0.0001,True,"(200, 200, 200, 200, 200)",0.0001,300,"{'activation': 'relu', 'alpha': 0.0001, 'early_stopping': True, 'hidden_layer_sizes': (200, 200, 200, 200, 200), 'learning_rate_init': 0.0001, 'max_iter': 300}",0.504950495049505,0.504950495049505,0.5033112582781457,0.5033112582781457,0.5033112582781457,0.5039669529866894,0.0008030587314874957,2
154,0.9790428638458252,0.03288563573688087,0.008354806900024414,0.001834293103230902,relu,0.0001,True,"(200, 200, 200, 200, 200)",0.001,300,"{'activation': 'relu', 'alpha': 0.0001, 'early_stopping': True, 'hidden_layer_sizes': (200, 200, 200, 200, 200), 'learning_rate_init': 0.001, 'max_iter': 300}",0.504950495049505,0.504950495049505,0.5033112582781457,0.5033112582781457,0.5033112582781457,0.5039669529866894,0.0008030587314874957,2
155,1.0393465042114258,0.06006176259905599,0.007823562622070313,0.0007001766096406957,relu,0.0001,True,"(200, 200, 200, 200, 200)",0.01,300,"{'activation': 'relu', 'alpha': 0.0001, 'early_stopping': True, 'hidden_layer_sizes': (200, 200, 200, 200, 200), 'learning_rate_init': 0.01, 'max_iter': 300}",0.504950495049505,0.504950495049505,0.5033112582781457,0.5033112582781457,0.5033112582781457,0.5039669529866894,0.0008030587314874957,2
156,3.6505290985107424,1.601809173436916,0.011364364624023437,0.0002710492568181799,relu,0.0001,False,"(500, 400, 300, 200, 100)",0.0001,300,"{'activation': 'relu', 'alpha': 0.0001, 'early_stopping': False, 'hidden_layer_sizes': (500, 400, 300, 200, 100), 'learning_rate_init': 0.0001, 'max_iter': 300}",0.504950495049505,0.49504950495049505,0.5033112582781457,0.5033112582781457,0.5033112582781457,0.5019867549668874,0.0035262478679710632,127
157,5.1675046443939205,1.5152666378137283,0.011339330673217773,9.057830271598627e-05,relu,0.0001,False,"(500, 400, 300, 200, 100)",0.001,300,"{'activation': 'relu', 'alpha': 0.0001, 'early_stopping': False, 'hidden_layer_sizes': (500, 400, 300, 200, 100), 'learning_rate_init': 0.001, 'max_iter': 300}",0.504950495049505,0.49504950495049505,0.5033112582781457,0.4966887417218543,0.5033112582781457,0.5006622516556292,0.003992873911036861,145
158,4.9841328144073485,0.6493367257917116,0.011653280258178711,0.0006848460301090626,relu,0.0001,False,"(500, 400, 300, 200, 100)",0.01,300,"{'activation': 'relu', 'alpha': 0.0001, 'early_stopping': False, 'hidden_layer_sizes': (500, 400, 300, 200, 100), 'learning_rate_init': 0.01, 'max_iter': 300}",0.49504950495049505,0.49504950495049505,0.5033112582781457,0.5033112582781457,0.4966887417218543,0.4986820536358271,0.0038268311572351773,195
159,5.419172239303589,1.0730840573140832,0.014243888854980468,7.16439539056874e-05,relu,0.0001,False,"(400, 400, 400, 400, 400)",0.0001,300,"{'activation': 'relu', 'alpha': 0.0001, 'early_stopping': False, 'hidden_layer_sizes': (400, 400, 400, 400, 400), 'learning_rate_init': 0.0001, 'max_iter': 300}",0.504950495049505,0.504950495049505,0.5033112582781457,0.5033112582781457,0.4966887417218543,0.5026424496754311,0.003065791747271213,112
160,6.759044742584228,1.2781031287736122,0.015223264694213867,0.0015863264396035613,relu,0.0001,False,"(400, 400, 400, 400, 400)",0.001,300,"{'activation': 'relu', 'alpha': 0.0001, 'early_stopping': False, 'hidden_layer_sizes': (400, 400, 400, 400, 400), 'learning_rate_init': 0.001, 'max_iter': 300}",0.504950495049505,0.504950495049505,0.5033112582781457,0.5033112582781457,0.5033112582781457,0.5039669529866894,0.0008030587314874957,2
161,8.271207809448242,0.962705404564502,0.014864063262939453,0.0003830531338785114,relu,0.0001,False,"(400, 400, 400, 400, 400)",0.01,300,"{'activation': 'relu', 'alpha': 0.0001, 'early_stopping': False, 'hidden_layer_sizes': (400, 400, 400, 400, 400), 'learning_rate_init': 0.01, 'max_iter': 300}",0.504950495049505,0.49504950495049505,0.5033112582781457,0.4966887417218543,0.5033112582781457,0.5006622516556292,0.003992873911036861,145
162,2.6170845508575438,0.5310358224524496,0.0104400634765625,7.279390497254245e-05,relu,0.0001,False,"(300, 300, 300, 300, 300)",0.0001,300,"{'activation': 'relu', 'alpha': 0.0001, 'early_stopping': False, 'hidden_layer_sizes': (300, 300, 300, 300, 300), 'learning_rate_init': 0.0001, 'max_iter': 300}",0.504950495049505,0.504950495049505,0.4966887417218543,0.5033112582781457,0.4966887417218543,0.5013179463641728,0.003826831157235177,137
163,3.0941476821899414,0.8599289555545537,0.010978221893310547,0.0008450163115370686,relu,0.0001,False,"(300, 300, 300, 300, 300)",0.001,300,"{'activation': 'relu', 'alpha': 0.0001, 'early_stopping': False, 'hidden_layer_sizes': (300, 300, 300, 300, 300), 'learning_rate_init': 0.001, 'max_iter': 300}",0.49504950495049505,0.504950495049505,0.4966887417218543,0.4966887417218543,0.4966887417218543,0.4980132450331126,0.0035262478679710632,202
164,5.45878233909607,1.4681346927011343,0.012265539169311524,0.0029534228205288704,relu,0.0001,False,"(300, 300, 300, 300, 300)",0.01,300,"{'activation': 'relu', 'alpha': 0.0001, 'early_stopping': False, 'hidden_layer_sizes': (300, 300, 300, 300, 300), 'learning_rate_init': 0.01, 'max_iter': 300}",0.49834983498349833,0.49504950495049505,0.4966887417218543,0.5033112582781457,0.5033112582781457,0.49934211964242775,0.003404694028726459,175
165,2.167387294769287,1.2388236362729823,0.007491350173950195,6.15947373864901e-05,relu,0.0001,False,"(200, 200, 200, 200, 200)",0.0001,300,"{'activation': 'relu', 'alpha': 0.0001, 'early_stopping': False, 'hidden_layer_sizes': (200, 200, 200, 200, 200), 'learning_rate_init': 0.0001, 'max_iter': 300}",0.504950495049505,0.504950495049505,0.5033112582781457,0.4966887417218543,0.5033112582781457,0.5026424496754311,0.003065791747271213,112
166,1.297803020477295,0.14627711461574575,0.007626056671142578,0.00018018508367556832,relu,0.0001,False,"(200, 200, 200, 200, 200)",0.001,300,"{'activation': 'relu', 'alpha': 0.0001, 'early_stopping': False, 'hidden_layer_sizes': (200, 200, 200, 200, 200), 'learning_rate_init': 0.001, 'max_iter': 300}",0.504950495049505,0.504950495049505,0.4966887417218543,0.5033112582781457,0.5033112582781457,0.5026424496754311,0.003065791747271213,112
167,2.099845218658447,0.20687847282796426,0.007705545425415039,0.00018152919438598522,relu,0.0001,False,"(200, 200, 200, 200, 200)",0.01,300,"{'activation': 'relu', 'alpha': 0.0001, 'early_stopping': False, 'hidden_layer_sizes': (200, 200, 200, 200, 200), 'learning_rate_init': 0.01, 'max_iter': 300}",0.49504950495049505,0.504950495049505,0.5033112582781457,0.4966887417218543,0.5033112582781457,0.5006622516556292,0.003992873911036861,145
168,2.0910582065582277,0.07519085870514328,0.01105656623840332,0.00010557185451291873,relu,0.001,True,"(500, 400, 300, 200, 100)",0.0001,300,"{'activation': 'relu', 'alpha': 0.001, 'early_stopping': True, 'hidden_layer_sizes': (500, 400, 300, 200, 100), 'learning_rate_init': 0.0001, 'max_iter': 300}",0.504950495049505,0.504950495049505,0.5033112582781457,0.5033112582781457,0.5033112582781457,0.5039669529866894,0.0008030587314874957,2
169,2.249693489074707,0.25757456535304546,0.011092281341552735,2.8700130994146682e-05,relu,0.001,True,"(500, 400, 300, 200, 100)",0.001,300,"{'activation': 'relu', 'alpha': 0.001, 'early_stopping': True, 'hidden_layer_sizes': (500, 400, 300, 200, 100), 'learning_rate_init': 0.001, 'max_iter': 300}",0.504950495049505,0.504950495049505,0.5033112582781457,0.5033112582781457,0.5033112582781457,0.5039669529866894,0.0008030587314874957,2
170,2.1338761329650877,0.1293227753849911,0.011328887939453126,0.00012551087717448098,relu,0.001,True,"(500, 400, 300, 200, 100)",0.01,300,"{'activation': 'relu', 'alpha': 0.001, 'early_stopping': True, 'hidden_layer_sizes': (500, 400, 300, 200, 100), 'learning_rate_init': 0.01, 'max_iter': 300}",0.504950495049505,0.504950495049505,0.5033112582781457,0.5033112582781457,0.5033112582781457,0.5039669529866894,0.0008030587314874957,2
171,3.0127838611602784,0.08840046060751389,0.014267063140869141,0.00018183849763511687,relu,0.001,True,"(400, 400, 400, 400, 400)",0.0001,300,"{'activation': 'relu', 'alpha': 0.001, 'early_stopping': True, 'hidden_layer_sizes': (400, 400, 400, 400, 400), 'learning_rate_init': 0.0001, 'max_iter': 300}",0.504950495049505,0.504950495049505,0.5033112582781457,0.5033112582781457,0.5033112582781457,0.5039669529866894,0.0008030587314874957,2
172,3.1780561923980715,0.3778797147486936,0.014440155029296875,0.0005709520499104444,relu,0.001,True,"(400, 400, 400, 400, 400)",0.001,300,"{'activation': 'relu', 'alpha': 0.001, 'early_stopping': True, 'hidden_layer_sizes': (400, 400, 400, 400, 400), 'learning_rate_init': 0.001, 'max_iter': 300}",0.504950495049505,0.504950495049505,0.5033112582781457,0.5033112582781457,0.5033112582781457,0.5039669529866894,0.0008030587314874957,2
173,3.065443754196167,0.11835750977857487,0.014551448822021484,0.00018143064236176887,relu,0.001,True,"(400, 400, 400, 400, 400)",0.01,300,"{'activation': 'relu', 'alpha': 0.001, 'early_stopping': True, 'hidden_layer_sizes': (400, 400, 400, 400, 400), 'learning_rate_init': 0.01, 'max_iter': 300}",0.504950495049505,0.504950495049505,0.5033112582781457,0.5033112582781457,0.5033112582781457,0.5039669529866894,0.0008030587314874957,2
174,1.898318338394165,0.07741159757551179,0.01128091812133789,0.0019504991496839793,relu,0.001,True,"(300, 300, 300, 300, 300)",0.0001,300,"{'activation': 'relu', 'alpha': 0.001, 'early_stopping': True, 'hidden_layer_sizes': (300, 300, 300, 300, 300), 'learning_rate_init': 0.0001, 'max_iter': 300}",0.504950495049505,0.504950495049505,0.5033112582781457,0.5033112582781457,0.5033112582781457,0.5039669529866894,0.0008030587314874957,2
175,2.218670606613159,0.41403509492295065,0.014835262298583984,0.006678648055601787,relu,0.001,True,"(300, 300, 300, 300, 300)",0.001,300,"{'activation': 'relu', 'alpha': 0.001, 'early_stopping': True, 'hidden_layer_sizes': (300, 300, 300, 300, 300), 'learning_rate_init': 0.001, 'max_iter': 300}",0.504950495049505,0.504950495049505,0.5033112582781457,0.5033112582781457,0.5033112582781457,0.5039669529866894,0.0008030587314874957,2
176,1.8515261173248292,0.03499857768041038,0.010444068908691406,8.781543717735825e-05,relu,0.001,True,"(300, 300, 300, 300, 300)",0.01,300,"{'activation': 'relu', 'alpha': 0.001, 'early_stopping': True, 'hidden_layer_sizes': (300, 300, 300, 300, 300), 'learning_rate_init': 0.01, 'max_iter': 300}",0.504950495049505,0.504950495049505,0.5033112582781457,0.5033112582781457,0.5033112582781457,0.5039669529866894,0.0008030587314874957,2
177,1.123478889465332,0.22823198072481782,0.0072878837585449215,4.9945727649552914e-05,relu,0.001,True,"(200, 200, 200, 200, 200)",0.0001,300,"{'activation': 'relu', 'alpha': 0.001, 'early_stopping': True, 'hidden_layer_sizes': (200, 200, 200, 200, 200), 'learning_rate_init': 0.0001, 'max_iter': 300}",0.504950495049505,0.504950495049505,0.5033112582781457,0.5033112582781457,0.5033112582781457,0.5039669529866894,0.0008030587314874957,2
178,1.0150940418243408,0.06115697777524788,0.008544492721557616,0.002201118684802945,relu,0.001,True,"(200, 200, 200, 200, 200)",0.001,300,"{'activation': 'relu', 'alpha': 0.001, 'early_stopping': True, 'hidden_layer_sizes': (200, 200, 200, 200, 200), 'learning_rate_init': 0.001, 'max_iter': 300}",0.504950495049505,0.504950495049505,0.5033112582781457,0.5033112582781457,0.5033112582781457,0.5039669529866894,0.0008030587314874957,2
179,1.0043354988098145,0.060519163139270325,0.008621025085449218,0.0023434892054682225,relu,0.001,True,"(200, 200, 200, 200, 200)",0.01,300,"{'activation': 'relu', 'alpha': 0.001, 'early_stopping': True, 'hidden_layer_sizes': (200, 200, 200, 200, 200), 'learning_rate_init': 0.01, 'max_iter': 300}",0.504950495049505,0.504950495049505,0.5033112582781457,0.5033112582781457,0.5033112582781457,0.5039669529866894,0.0008030587314874957,2
180,4.212551641464233,1.2152242873009076,0.012281131744384766,0.002063551388935658,relu,0.001,False,"(500, 400, 300, 200, 100)",0.0001,300,"{'activation': 'relu', 'alpha': 0.001, 'early_stopping': False, 'hidden_layer_sizes': (500, 400, 300, 200, 100), 'learning_rate_init': 0.0001, 'max_iter': 300}",0.49504950495049505,0.49504950495049505,0.5033112582781457,0.4966887417218543,0.5033112582781457,0.4986820536358271,0.003826831157235177,195
181,4.488253402709961,1.072180551871513,0.011280441284179687,5.89926004398179e-05,relu,0.001,False,"(500, 400, 300, 200, 100)",0.001,300,"{'activation': 'relu', 'alpha': 0.001, 'early_stopping': False, 'hidden_layer_sizes': (500, 400, 300, 200, 100), 'learning_rate_init': 0.001, 'max_iter': 300}",0.504950495049505,0.504950495049505,0.4966887417218543,0.4966887417218543,0.4966887417218543,0.4999934430529146,0.0040474160066970195,172
182,5.211207628250122,1.6289776103926725,0.011780834197998047,0.0008876219071809808,relu,0.001,False,"(500, 400, 300, 200, 100)",0.01,300,"{'activation': 'relu', 'alpha': 0.001, 'early_stopping': False, 'hidden_layer_sizes': (500, 400, 300, 200, 100), 'learning_rate_init': 0.01, 'max_iter': 300}",0.504950495049505,0.49504950495049505,0.4966887417218543,0.4966887417218543,0.5033112582781457,0.4993377483443709,0.003992873911036861,176
183,6.190300512313843,1.9274426998911613,0.01470170021057129,0.0008945888486899504,relu,0.001,False,"(400, 400, 400, 400, 400)",0.0001,300,"{'activation': 'relu', 'alpha': 0.001, 'early_stopping': False, 'hidden_layer_sizes': (400, 400, 400, 400, 400), 'learning_rate_init': 0.0001, 'max_iter': 300}",0.504950495049505,0.504950495049505,0.5033112582781457,0.4966887417218543,0.5033112582781457,0.5026424496754311,0.003065791747271213,112
184,5.820976781845093,1.810603684472376,0.015340423583984375,0.0013909807138504082,relu,0.001,False,"(400, 400, 400, 400, 400)",0.001,300,"{'activation': 'relu', 'alpha': 0.001, 'early_stopping': False, 'hidden_layer_sizes': (400, 400, 400, 400, 400), 'learning_rate_init': 0.001, 'max_iter': 300}",0.49504950495049505,0.49504950495049505,0.5033112582781457,0.4966887417218543,0.4966887417218543,0.4973575503245689,0.003065791747271213,209
185,8.073196935653687,0.7302646785503868,0.014772939682006835,0.00046611936853690236,relu,0.001,False,"(400, 400, 400, 400, 400)",0.01,300,"{'activation': 'relu', 'alpha': 0.001, 'early_stopping': False, 'hidden_layer_sizes': (400, 400, 400, 400, 400), 'learning_rate_init': 0.01, 'max_iter': 300}",0.49504950495049505,0.504950495049505,0.5033112582781457,0.4966887417218543,0.4966887417218543,0.4993377483443709,0.003992873911036861,176
186,3.8608766078948973,1.4174609899531474,0.010930919647216797,0.000955559043559412,relu,0.001,False,"(300, 300, 300, 300, 300)",0.0001,300,"{'activation': 'relu', 'alpha': 0.001, 'early_stopping': False, 'hidden_layer_sizes': (300, 300, 300, 300, 300), 'learning_rate_init': 0.0001, 'max_iter': 300}",0.504950495049505,0.504950495049505,0.5033112582781457,0.4966887417218543,0.5033112582781457,0.5026424496754311,0.003065791747271213,112
187,3.545284557342529,1.549577263664087,0.010551977157592773,4.893274015357265e-05,relu,0.001,False,"(300, 300, 300, 300, 300)",0.001,300,"{'activation': 'relu', 'alpha': 0.001, 'early_stopping': False, 'hidden_layer_sizes': (300, 300, 300, 300, 300), 'learning_rate_init': 0.001, 'max_iter': 300}",0.504950495049505,0.504950495049505,0.5033112582781457,0.5033112582781457,0.4966887417218543,0.5026424496754311,0.003065791747271213,112
188,3.670888805389404,0.23676605577996612,0.010633039474487304,4.695972128964085e-05,relu,0.001,False,"(300, 300, 300, 300, 300)",0.01,300,"{'activation': 'relu', 'alpha': 0.001, 'early_stopping': False, 'hidden_layer_sizes': (300, 300, 300, 300, 300), 'learning_rate_init': 0.01, 'max_iter': 300}",0.49504950495049505,0.504950495049505,0.5033112582781457,0.5033112582781457,0.4966887417218543,0.5006622516556292,0.003992873911036861,145
189,1.5123558521270752,0.4633097705699716,0.008886194229125977,0.001564008714128137,relu,0.001,False,"(200, 200, 200, 200, 200)",0.0001,300,"{'activation': 'relu', 'alpha': 0.001, 'early_stopping': False, 'hidden_layer_sizes': (200, 200, 200, 200, 200), 'learning_rate_init': 0.0001, 'max_iter': 300}",0.49504950495049505,0.49504950495049505,0.5033112582781457,0.4966887417218543,0.4966887417218543,0.4973575503245689,0.003065791747271213,209
190,2.173990821838379,1.199690954290692,0.007656383514404297,0.0001168139510767418,relu,0.001,False,"(200, 200, 200, 200, 200)",0.001,300,"{'activation': 'relu', 'alpha': 0.001, 'early_stopping': False, 'hidden_layer_sizes': (200, 200, 200, 200, 200), 'learning_rate_init': 0.001, 'max_iter': 300}",0.49504950495049505,0.49504950495049505,0.4966887417218543,0.4966887417218543,0.4966887417218543,0.49603304701331064,0.0008030587314874957,213
191,2.469749927520752,0.39082131042350104,0.007623624801635742,6.307789661623265e-05,relu,0.001,False,"(200, 200, 200, 200, 200)",0.01,300,"{'activation': 'relu', 'alpha': 0.001, 'early_stopping': False, 'hidden_layer_sizes': (200, 200, 200, 200, 200), 'learning_rate_init': 0.01, 'max_iter': 300}",0.49504950495049505,0.504950495049505,0.4966887417218543,0.5033112582781457,0.5033112582781457,0.5006622516556292,0.003992873911036861,145
192,2.331982707977295,0.22418938757112586,0.011090850830078125,9.203532798829216e-05,relu,0.005,True,"(500, 400, 300, 200, 100)",0.0001,300,"{'activation': 'relu', 'alpha': 0.005, 'early_stopping': True, 'hidden_layer_sizes': (500, 400, 300, 200, 100), 'learning_rate_init': 0.0001, 'max_iter': 300}",0.504950495049505,0.504950495049505,0.5033112582781457,0.5033112582781457,0.5033112582781457,0.5039669529866894,0.0008030587314874957,2
193,2.1812017440795897,0.17990197256268514,0.015232706069946289,0.008167955800959492,relu,0.005,True,"(500, 400, 300, 200, 100)",0.001,300,"{'activation': 'relu', 'alpha': 0.005, 'early_stopping': True, 'hidden_layer_sizes': (500, 400, 300, 200, 100), 'learning_rate_init': 0.001, 'max_iter': 300}",0.504950495049505,0.504950495049505,0.5033112582781457,0.5033112582781457,0.5033112582781457,0.5039669529866894,0.0008030587314874957,2
194,2.2435919284820556,0.16573327171502414,0.013059854507446289,0.0020486165764732273,relu,0.005,True,"(500, 400, 300, 200, 100)",0.01,300,"{'activation': 'relu', 'alpha': 0.005, 'early_stopping': True, 'hidden_layer_sizes': (500, 400, 300, 200, 100), 'learning_rate_init': 0.01, 'max_iter': 300}",0.504950495049505,0.504950495049505,0.5033112582781457,0.5033112582781457,0.5033112582781457,0.5039669529866894,0.0008030587314874957,2
195,2.9789950847625732,0.01757615013078542,0.014641475677490235,0.0007969057803835954,relu,0.005,True,"(400, 400, 400, 400, 400)",0.0001,300,"{'activation': 'relu', 'alpha': 0.005, 'early_stopping': True, 'hidden_layer_sizes': (400, 400, 400, 400, 400), 'learning_rate_init': 0.0001, 'max_iter': 300}",0.504950495049505,0.504950495049505,0.5033112582781457,0.5033112582781457,0.5033112582781457,0.5039669529866894,0.0008030587314874957,2
196,3.199278450012207,0.19273798912856288,0.014327907562255859,8.339779658533336e-05,relu,0.005,True,"(400, 400, 400, 400, 400)",0.001,300,"{'activation': 'relu', 'alpha': 0.005, 'early_stopping': True, 'hidden_layer_sizes': (400, 400, 400, 400, 400), 'learning_rate_init': 0.001, 'max_iter': 300}",0.504950495049505,0.504950495049505,0.5033112582781457,0.5033112582781457,0.5033112582781457,0.5039669529866894,0.0008030587314874957,2
197,3.3340750217437742,0.23936683690923508,0.014370393753051759,5.1167404476269006e-05,relu,0.005,True,"(400, 400, 400, 400, 400)",0.01,300,"{'activation': 'relu', 'alpha': 0.005, 'early_stopping': True, 'hidden_layer_sizes': (400, 400, 400, 400, 400), 'learning_rate_init': 0.01, 'max_iter': 300}",0.504950495049505,0.504950495049505,0.5033112582781457,0.5033112582781457,0.5033112582781457,0.5039669529866894,0.0008030587314874957,2
198,1.9557397365570068,0.10464245831871195,0.010801029205322266,0.0007506413254284968,relu,0.005,True,"(300, 300, 300, 300, 300)",0.0001,300,"{'activation': 'relu', 'alpha': 0.005, 'early_stopping': True, 'hidden_layer_sizes': (300, 300, 300, 300, 300), 'learning_rate_init': 0.0001, 'max_iter': 300}",0.504950495049505,0.504950495049505,0.5033112582781457,0.5033112582781457,0.5033112582781457,0.5039669529866894,0.0008030587314874957,2
199,2.082530117034912,0.1766349518348615,0.010506868362426758,7.440508710470916e-05,relu,0.005,True,"(300, 300, 300, 300, 300)",0.001,300,"{'activation': 'relu', 'alpha': 0.005, 'early_stopping': True, 'hidden_layer_sizes': (300, 300, 300, 300, 300), 'learning_rate_init': 0.001, 'max_iter': 300}",0.504950495049505,0.504950495049505,0.5033112582781457,0.5033112582781457,0.5033112582781457,0.5039669529866894,0.0008030587314874957,2
200,2.067710447311401,0.14308913348184626,0.012144374847412109,0.0031130524806461824,relu,0.005,True,"(300, 300, 300, 300, 300)",0.01,300,"{'activation': 'relu', 'alpha': 0.005, 'early_stopping': True, 'hidden_layer_sizes': (300, 300, 300, 300, 300), 'learning_rate_init': 0.01, 'max_iter': 300}",0.504950495049505,0.504950495049505,0.5033112582781457,0.5033112582781457,0.5033112582781457,0.5039669529866894,0.0008030587314874957,2
201,0.9740087032318115,0.03182843214090979,0.007614564895629883,0.0005747469094820675,relu,0.005,True,"(200, 200, 200, 200, 200)",0.0001,300,"{'activation': 'relu', 'alpha': 0.005, 'early_stopping': True, 'hidden_layer_sizes': (200, 200, 200, 200, 200), 'learning_rate_init': 0.0001, 'max_iter': 300}",0.504950495049505,0.504950495049505,0.5033112582781457,0.5033112582781457,0.5033112582781457,0.5039669529866894,0.0008030587314874957,2
202,1.0784960746765138,0.15865428316980787,0.008509016036987305,0.0023009791105916516,relu,0.005,True,"(200, 200, 200, 200, 200)",0.001,300,"{'activation': 'relu', 'alpha': 0.005, 'early_stopping': True, 'hidden_layer_sizes': (200, 200, 200, 200, 200), 'learning_rate_init': 0.001, 'max_iter': 300}",0.504950495049505,0.504950495049505,0.5033112582781457,0.5033112582781457,0.5033112582781457,0.5039669529866894,0.0008030587314874957,2
203,0.9898283004760742,0.05921143176902908,0.007451772689819336,0.00011088324975120232,relu,0.005,True,"(200, 200, 200, 200, 200)",0.01,300,"{'activation': 'relu', 'alpha': 0.005, 'early_stopping': True, 'hidden_layer_sizes': (200, 200, 200, 200, 200), 'learning_rate_init': 0.01, 'max_iter': 300}",0.504950495049505,0.504950495049505,0.5033112582781457,0.5033112582781457,0.5033112582781457,0.5039669529866894,0.0008030587314874957,2
204,3.8500339508056642,1.0425779643542585,0.011285877227783203,0.0002038608290371871,relu,0.005,False,"(500, 400, 300, 200, 100)",0.0001,300,"{'activation': 'relu', 'alpha': 0.005, 'early_stopping': False, 'hidden_layer_sizes': (500, 400, 300, 200, 100), 'learning_rate_init': 0.0001, 'max_iter': 300}",0.49504950495049505,0.49504950495049505,0.5033112582781457,0.4966887417218543,0.4966887417218543,0.4973575503245689,0.003065791747271213,209
205,4.3167013168334964,2.0131216900675963,0.012076997756958007,0.0014371814803609158,relu,0.005,False,"(500, 400, 300, 200, 100)",0.001,300,"{'activation': 'relu', 'alpha': 0.005, 'early_stopping': False, 'hidden_layer_sizes': (500, 400, 300, 200, 100), 'learning_rate_init': 0.001, 'max_iter': 300}",0.504950495049505,0.49504950495049505,0.5033112582781457,0.4966887417218543,0.5033112582781457,0.5006622516556292,0.003992873911036861,145
206,4.269639587402343,0.7697243063627496,0.011481809616088866,0.0002959093811308872,relu,0.005,False,"(500, 400, 300, 200, 100)",0.01,300,"{'activation': 'relu', 'alpha': 0.005, 'early_stopping': False, 'hidden_layer_sizes': (500, 400, 300, 200, 100), 'learning_rate_init': 0.01, 'max_iter': 300}",0.504950495049505,0.49504950495049505,0.5033112582781457,0.5033112582781457,0.5033112582781457,0.5019867549668874,0.0035262478679710632,127
207,5.5614276885986325,1.4467371938243418,0.015122032165527344,0.0018363391138513446,relu,0.005,False,"(400, 400, 400, 400, 400)",0.0001,300,"{'activation': 'relu', 'alpha': 0.005, 'early_stopping': False, 'hidden_layer_sizes': (400, 400, 400, 400, 400), 'learning_rate_init': 0.0001, 'max_iter': 300}",0.49504950495049505,0.49504950495049505,0.4966887417218543,0.5033112582781457,0.4966887417218543,0.4973575503245689,0.003065791747271213,209
208,4.778464508056641,1.0001745911328053,0.014787960052490234,0.000364721343298344,relu,0.005,False,"(400, 400, 400, 400, 400)",0.001,300,"{'activation': 'relu', 'alpha': 0.005, 'early_stopping': False, 'hidden_layer_sizes': (400, 400, 400, 400, 400), 'learning_rate_init': 0.001, 'max_iter': 300}",0.504950495049505,0.504950495049505,0.4966887417218543,0.4966887417218543,0.5033112582781457,0.5013179463641728,0.003826831157235177,137
209,5.890062284469605,1.406520681090192,0.014544248580932617,0.00018031986616458482,relu,0.005,False,"(400, 400, 400, 400, 400)",0.01,300,"{'activation': 'relu', 'alpha': 0.005, 'early_stopping': False, 'hidden_layer_sizes': (400, 400, 400, 400, 400), 'learning_rate_init': 0.01, 'max_iter': 300}",0.49504950495049505,0.504950495049505,0.5033112582781457,0.5033112582781457,0.5033112582781457,0.5019867549668874,0.0035262478679710632,127
210,3.0523393154144287,0.4871753982701395,0.012317705154418945,0.0037737590578724887,relu,0.005,False,"(300, 300, 300, 300, 300)",0.0001,300,"{'activation': 'relu', 'alpha': 0.005, 'early_stopping': False, 'hidden_layer_sizes': (300, 300, 300, 300, 300), 'learning_rate_init': 0.0001, 'max_iter': 300}",0.504950495049505,0.49504950495049505,0.5033112582781457,0.4966887417218543,0.5033112582781457,0.5006622516556292,0.003992873911036861,145
211,3.6472927570343017,1.3448535133315254,0.011173677444458009,0.00102036123167383,relu,0.005,False,"(300, 300, 300, 300, 300)",0.001,300,"{'activation': 'relu', 'alpha': 0.005, 'early_stopping': False, 'hidden_layer_sizes': (300, 300, 300, 300, 300), 'learning_rate_init': 0.001, 'max_iter': 300}",0.49504950495049505,0.504950495049505,0.4966887417218543,0.5033112582781457,0.4966887417218543,0.4993377483443709,0.003992873911036861,176
212,5.589020156860352,1.6238145512654778,0.01144099235534668,0.0015698180872462237,relu,0.005,False,"(300, 300, 300, 300, 300)",0.01,300,"{'activation': 'relu', 'alpha': 0.005, 'early_stopping': False, 'hidden_layer_sizes': (300, 300, 300, 300, 300), 'learning_rate_init': 0.01, 'max_iter': 300}",0.504950495049505,0.504950495049505,0.5033112582781457,0.4966887417218543,0.5033112582781457,0.5026424496754311,0.003065791747271213,112
213,1.7867599964141845,0.5214216447791089,0.007624006271362305,0.0002694110785897255,relu,0.005,False,"(200, 200, 200, 200, 200)",0.0001,300,"{'activation': 'relu', 'alpha': 0.005, 'early_stopping': False, 'hidden_layer_sizes': (200, 200, 200, 200, 200), 'learning_rate_init': 0.0001, 'max_iter': 300}",0.504950495049505,0.504950495049505,0.5033112582781457,0.4966887417218543,0.4966887417218543,0.5013179463641728,0.003826831157235177,137
214,1.523500347137451,0.5055893360090474,0.00928034782409668,0.0033451725241160075,relu,0.005,False,"(200, 200, 200, 200, 200)",0.001,300,"{'activation': 'relu', 'alpha': 0.005, 'early_stopping': False, 'hidden_layer_sizes': (200, 200, 200, 200, 200), 'learning_rate_init': 0.001, 'max_iter': 300}",0.49504950495049505,0.49504950495049505,0.4966887417218543,0.5033112582781457,0.5033112582781457,0.4986820536358271,0.0038268311572351773,195
215,2.856690454483032,0.8046392239315231,0.007592678070068359,3.027897181415182e-05,relu,0.005,False,"(200, 200, 200, 200, 200)",0.01,300,"{'activation': 'relu', 'alpha': 0.005, 'early_stopping': False, 'hidden_layer_sizes': (200, 200, 200, 200, 200), 'learning_rate_init': 0.01, 'max_iter': 300}",0.504950495049505,0.504950495049505,0.5033112582781457,0.4966887417218543,0.4966887417218543,0.5013179463641728,0.003826831157235177,137
